family,level,frac,method,n_seeds,psnr_db_mean,psnr_db_std,ssim_mean,ssim_std,hrp_mean,hrp_std,cvr_c1,cvr_c2,cvr_c3,cvr_c4,psnr_db_mean_seedstd,psnr_db_std_seedstd,ssim_mean_seedstd,ssim_std_seedstd,hrp_mean_seedstd,hrp_std_seedstd,cvr_c1_seedstd,cvr_c2_seedstd,cvr_c3_seedstd,cvr_c4_seedstd
CF1,L1,0.05,csfr,3,44.68234567116739,9.051416707778566,0.9935848333704111,0.0031727591094746614,0.7500018906758891,0.12661225677227372,0.0,0.020886794593017028,0.0,0.02904378255208333,0.015418950640815651,0.06680987192569786,2.0411439554492523e-05,7.439964894806925e-05,0.0017942474475086318,0.0006316221408652483,0.0,1.1693145197398519e-05,0.0,1.6953667526042568e-05
CF1,L1,0.05,csfr_c1,3,45.27794024290997,9.402283906350034,0.9908319930198828,0.007007142273929528,0.7564737424254417,0.11208157835376596,0.0,0.020973875689200616,0.0004730902777777778,0.03026828342013889,0.014070938540537146,0.006905186868074309,5.451771558493998e-05,0.00016000855546866917,0.002331020057384654,0.0017819667063787284,0.0,1.5165300166362799e-05,8.30804732590797e-06,4.6008415918389983e-05
CF1,L1,0.05,csfr_c1c2,3,45.81752308810007,8.917003933209168,0.9946131260917506,0.0027551307664267512,0.753602309955491,0.12338568460539655,0.0,0.02099688611942434,0.00021620008680555552,0.029685058593749997,0.04686915117958298,0.0029382665192846003,6.111742141573039e-06,4.726300769645661e-05,0.0017979128768675578,0.0009780727230300364,0.0,1.7230447104712655e-05,1.2058436833166703e-05,3.240935506468079e-05
CF1,L1,0.05,csfr_c1c3,3,45.3090606651056,9.434427259297403,0.990930856799709,0.0069126246269647735,0.7559841713805993,0.111886794821987,0.0,0.02097263559385384,0.0,0.030259874131944448,0.019298159102501322,0.027239650069825344,4.594673433260622e-05,0.0001518315155790362,0.0023354255977855298,0.0017524810753013445,0.0,1.2944606299267893e-05,0.0,5.284215781716388e-05
CF1,L1,0.05,csfr_c1c4,3,43.481141524389756,9.27455337012042,0.9906934334493633,0.004423702618041162,0.7539625536402066,0.12245038286567674,0.0,0.020784281329154813,0.0005305989583333333,0.028695746527777777,0.029335927560894738,0.03768083590886477,4.068082402817304e-05,8.322104804750762e-05,0.002084409964069777,0.0005368472062282818,0.0,1.1481816143291337e-05,1.0938501059926185e-05,1.1892529414488239e-05
CF1,L1,0.05,zero_fill,3,20.7219573188588,3.4754615091260477,0.5376607536886399,0.22227791855044965,3.2581122190753615,2.7097787895343513,0.0,0.08481095704353518,0.0,0.20039876302083334,0.02445309828492208,0.052818914359820605,0.00048445844249104636,0.00034919295986454154,0.00219113872590562,0.008994082564609812,0.0,0.00011716945798639228,0.0,0.00039595130367114445
CF1,L1,0.05,bilinear,3,42.87957755779714,8.552410431983548,0.992395979891968,0.003711646598246758,0.7543280428482427,0.11923888027184874,0.0,0.021060130085534184,0.0,0.029833713107638892,0.08242152991192306,0.022215406715215692,5.1325096251486755e-05,5.250095631765825e-05,0.0021586051538308873,0.0012440834684948451,0.0,3.5981008577518416e-05,0.0,3.971450517292792e-05
CF1,L1,0.05,inpaint_telea,3,41.385691930582944,6.984347020049843,0.9891267449397155,0.003125041211631462,0.7088825515740448,0.1369888604330158,0.0,0.020671571937709812,0.0,0.02933376736111111,0.04747299389359393,0.02478956223135687,1.3725139222874308e-05,7.681261793396192e-05,0.0015191495695874207,0.0003239617501219006,0.0,9.548089922703243e-06,0.0,1.7293161296125336e-05
CF1,L1,0.05,inpaint_ns,3,43.48927523968084,8.334515533412121,0.9926450059890097,0.0030222961492062557,0.7245144642227226,0.13375843325963596,0.0,0.020596064884108877,0.0,0.02920708550347222,0.03701092528490503,0.016490960862121488,1.799077921785182e-05,6.0010315226580546e-05,0.001604983799083031,0.0003201972520455844,0.0,1.2926996248987648e-05,0.0,3.0087451550005095e-05
CF1,L1,0.05,dictlearn,3,30.053868907049985,5.249114078543508,0.835113081738771,0.13235954174970865,0.004813703563478259,0.05703333827072545,0.0,0.034933035722723514,0.0,0.05141682942708333,0.036898395735426935,0.05527695071158543,0.0008325311868925142,0.0003542272893173486,0.0021030685348380424,0.014521556896357654,0.0,6.875787328315196e-05,0.0,9.161932136795069e-05
CF1,L2,0.15,csfr,3,39.32587357001103,8.771600753399385,0.978524953517935,0.009967107551274208,0.7487631109688017,0.12459529255155888,0.0,0.019534832533358387,0.0,0.025438639322916668,0.04117668235022529,0.032020679220933455,0.00014854556117083,0.00015547303119057093,0.0007690835019224455,0.0007756960282401877,0.0,1.1915136215240302e-05,0.0,7.489042873038276e-05
CF1,L2,0.15,csfr_c1,3,39.34748627605177,9.14485668778947,0.9668615249094654,0.02178249466137734,0.7520603301624457,0.10788632643578612,0.0,0.019758184583236773,0.0014908854166666666,0.02931613498263889,0.05459691319989161,0.05046012055625701,7.208217933242449e-06,0.00018375745985464348,0.0006634264649178997,0.0002492550385932084,0.0,3.325605627981174e-05,2.959674847436173e-05,3.759573814902449e-05
CF1,L2,0.15,csfr_c1c2,3,40.2446074408749,8.74543532884494,0.9812796076298033,0.008796061679291511,0.7504320615695582,0.12225040348376254,0.0,0.019859457780079942,0.0006206597222222222,0.027157931857638887,0.06675676571713147,0.04933234201244743,0.00013607704802932915,0.00013032305024895355,0.0007229882606825218,0.0004513770466593442,0.0,1.8452068665767996e-05,1.4318189258242901e-05,5.361357661822252e-05
CF1,L2,0.15,csfr_c1c3,3,39.37713109566047,9.164551045319557,0.9672532603217463,0.021451519577398395,0.7515114168491629,0.10768709257306786,0.0,0.019763558239663123,0.0,0.029303114149305556,0.05818849967926707,0.05548127230654711,5.649692462023068e-05,0.00016277503248645869,0.0006851363702075072,0.0002599001144229888,0.0,3.433295862463091e-05,0.0,2.5711796030974286e-05
CF1,L2,0.15,csfr_c1c4,3,38.172463337254506,8.963450339161488,0.9691472706316232,0.01324445016461933,0.7552424675722916,0.11866597094130353,0.0,0.01927868724708484,0.0016086154513888888,0.024339463975694444,0.03414747046082341,0.02130699310078619,0.0001247915421264996,0.00016995446194486492,0.0008939675571125516,0.0011072732158899405,0.0,2.3874814769835397e-05,1.1321960044872597e-05,6.253521715893616e-05
CF1,L2,0.15,zero_fill,3,15.93968036055517,3.4351615263406914,0.33379586216639145,0.20049194757209146,3.2578930718037817,2.7013109889546882,0.0,0.19061066980059774,0.0,0.35502766927083335,0.00449090590617083,0.009498396117812656,0.0003680713296650486,0.0002928782845928534,0.0006063856688707976,0.00884138113376787,0.0,0.00016027277721425586,0.0,0.0004329003844770155
CF1,L2,0.15,bilinear,3,37.097953119738825,7.3389432447975835,0.9765694108083727,0.01089816190832688,0.7548361444638835,0.11492299648755795,0.0,0.019887566139497926,0.0,0.027725694444444445,0.06485883451318467,0.09394609066873884,0.00016779091950260618,0.00015204243701493126,0.0009124163042964937,0.0003471085184695743,0.0,1.2820821285146456e-05,0.0,9.367408347389683e-05
CF1,L2,0.15,inpaint_telea,3,35.664505124969175,6.950142550369217,0.9603328701582347,0.013683049660154803,0.7007898022565576,0.13774185360249194,0.0,0.01926173946346454,0.0,0.02663845486111111,0.033274307123033774,0.02375134879689574,0.0002647674711456629,8.668901079793565e-05,0.0008066878190416654,0.00039198827280127296,0.0,1.738402311977274e-05,0.0,4.51364761098949e-05
CF1,L2,0.15,inpaint_ns,3,38.27157833362837,8.23442023816281,0.9760268197088694,0.009290593261235349,0.7246491180194748,0.13090080957800307,0.0,0.018697503369880398,0.0,0.02589870876736111,0.04325154220245091,0.03673399342670227,0.00017322280424531217,0.00015823303747887767,0.000825371494820532,0.000519905282500071,0.0,2.1771181423287935e-05,0.0,4.524394793934343e-05
CF1,L2,0.15,dictlearn,3,25.20963726053377,5.213388717414641,0.694266866745027,0.1713463762743308,0.0,0.0,0.0,0.057581294219659566,0.0,0.09728651258680554,0.011241463332065393,0.006044817933136682,0.0002757115029539787,0.00022325843460797523,0.0,0.0,0.0,0.00010857509561927111,0.0,6.929699821365252e-05
CF1,L3,0.3,csfr,3,35.621602977444155,8.602459766967291,0.9501518121806617,0.022436845459990973,0.7428434467481243,0.12750662726348538,0.0,0.017143683960182694,0.0,0.019947645399305557,0.004475040792254498,0.034646121584137414,0.00013464369425069802,0.0003161761661481867,0.0006524460785431598,0.0007604352231670844,0.0,2.1321850844194e-05,0.0,6.171436797996246e-05
CF1,L3,0.3,csfr_c1,3,34.959628926051195,8.916646592161792,0.9174842344611532,0.04434992729140335,0.7415496828489833,0.10934839086674351,0.0,0.017738508596327546,0.0030723741319444446,0.02885986328125,0.011895816296215358,0.02826700544990132,0.00010571447823509569,0.00043296897161895054,0.000835757440648574,0.0008408678649692876,0.0,2.652174250913071e-05,1.1966550021762699e-05,0.00011453716234096161
CF1,L3,0.3,csfr_c1c2,3,36.24891790367982,8.668028326556984,0.9544077805501222,0.02020899294749874,0.7419522760477331,0.1271321778662373,0.0,0.01781277557322432,0.0012589518229166668,0.02331271701388889,0.023870946032617572,0.02738467557504909,0.00017263311133886358,0.00022253476331351787,0.0005909553993497945,0.0007532567502036339,0.0,3.0944680934497496e-05,2.2117857107898715e-05,5.532790270824781e-06
CF1,L3,0.3,csfr_c1c3,3,34.99811665400462,8.961158295412,0.9183391950495032,0.043573315775120906,0.7407619395024246,0.1091569350761808,0.0,0.01773768192748927,0.0,0.028753526475694444,0.009640120827930967,0.026539887098587924,0.00010504998541426516,0.0004709239970581007,0.0008176139726375988,0.0008773179488532949,0.0,2.8733725425627345e-05,0.0,0.00014702640922808469
CF1,L3,0.3,csfr_c1c4,3,34.641374113723565,8.70379982686505,0.9314919746433475,0.02795176527632955,0.7539719784259796,0.11842288599219668,0.0,0.01671241191873883,0.003301866319444445,0.017712944878472223,0.0027071956653540548,0.02060823792457316,0.00012578490007805247,0.0004498886580000214,0.0009195947553451063,0.0007725550167956184,0.0,3.291054037897754e-05,1.6402144594000635e-05,7.571810198083683e-05
CF1,L3,0.3,zero_fill,3,12.938229105096648,3.450262920658403,0.2222897794226432,0.15332867530363914,3.2548395297262402,2.682867966450592,0.0,0.29924961405185363,0.0,0.43664062500000006,0.004294727229917013,0.011843079471839916,0.0004248157990664316,0.00035313595570305524,0.002219291041569198,0.015120866196767948,0.0,0.00014204857974018964,0.0,0.00022028947473901538
CF1,L3,0.3,bilinear,3,33.217715621982755,6.562579631380654,0.9496915025141653,0.022651409622412407,0.7523776790499687,0.11548038993625294,0.0,0.017686838648757353,0.0,0.02460042317708333,0.02205468431765671,0.06445600277134465,0.00012562123415511055,0.0003096445909686494,0.0005593469573642125,0.0010718555525977872,0.0,5.042649797709138e-05,0.0,3.625455552436425e-05
CF1,L3,0.3,inpaint_telea,3,31.852723311705244,6.93309874862663,0.9068579197888376,0.02956142953028834,0.6894321358535024,0.14099789692377127,0.0,0.01738729062118283,0.0,0.0233251953125,0.012179494608821435,0.01146158620494922,0.00020678691443378676,0.0002534923377452571,0.0006305768115855203,0.0008889889672125339,0.0,5.516591543880788e-05,0.0,5.03286861045513e-05
CF1,L3,0.3,inpaint_ns,3,34.624124603713476,8.163278364001782,0.9453394242676326,0.02088370427451657,0.7205886552565627,0.13154695419296053,0.0,0.01570188494908507,0.0,0.021199815538194444,0.007296303271731874,0.0326432790286007,0.0001570211757678043,0.0003207625418512174,0.0006416164979302753,0.0006970788577072375,0.0,2.8183345117315288e-05,0.0,6.216344759548523e-05
CF1,L3,0.3,dictlearn,3,22.213261520431114,5.216813546297636,0.5762922345098226,0.1692887637316127,0.0,0.0,0.0,0.07963720765069916,0.0,0.13420572916666665,0.003355389849502208,0.014400630851295804,0.00010473476954239151,0.00023750626811911026,0.0,0.0,0.0,0.0001714817374180823,0.0,0.00010157215039955144
CF1,L4,0.5,csfr,3,32.35030870726379,8.312267340049337,0.8964843045518603,0.045333077119280085,0.7329138235251108,0.13078831304983318,0.0,0.013186590645960275,0.0,0.01176486545138889,0.007792013549063513,0.006215672279806729,7.911415023941404e-05,0.000164210080580045,0.0005325797129210855,0.0009036454543066415,0.0,2.8878071648747367e-05,0.0,6.635468031247914e-05
CF1,L4,0.5,csfr_c1,3,30.885884474884932,8.718255984208822,0.8174440433425237,0.0782147847939495,0.722368569854233,0.11073208224776765,0.0,0.01470486117187344,0.005391981336805555,0.03024929470486111,0.006947503121450089,0.014178372893348246,0.0001911720193187962,0.00035318875900216856,0.0007650540912407901,0.0009803509762813742,0.0,6.267912468332836e-05,3.4922973133428686e-05,0.00015348795354202803
CF1,L4,0.5,csfr_c1c2,3,32.499481871504315,8.4319860353832,0.8986497281196101,0.043330839169712386,0.7270879368152884,0.13452852928930112,0.0,0.014485642673438028,0.00203857421875,0.01727349175347222,0.007589160710184363,0.02225441898017013,0.00013381857498607995,0.00015042806234963634,0.00038232218983322644,0.0008469531523181262,0.0,4.650541734977539e-05,1.4961569263387271e-05,6.452628912695333e-05
CF1,L4,0.5,csfr_c1c3,3,30.927540990680015,8.744252698024207,0.8193275749540359,0.07684532644392729,0.7211850469807782,0.11065288337668593,0.0,0.014655946952067704,0.0,0.029930555555555554,0.005210794710168782,0.013072056935892017,0.00017342576211248575,0.0004498670582830331,0.0007908467931161048,0.001003289718173632,0.0,8.271692478542314e-05,0.0,0.00010336745930325534
CF1,L4,0.5,csfr_c1c4,3,31.68564845980592,8.444387262488226,0.8689873582268645,0.0514534414385456,0.7552607800728746,0.11436658243543978,0.0,0.01273520175500178,0.005845811631944445,0.008235677083333332,0.006148856615800544,0.0033092713659215772,0.00013724274961550144,3.986064399825535e-05,0.0006733595199841585,0.0010453402791551576,0.0,2.146288853832396e-05,6.139158562308043e-05,4.888686426382374e-05
CF1,L4,0.5,zero_fill,3,10.717990874826448,3.4473132809596994,0.13905587973278322,0.11108297723956932,3.2539434358477592,2.687185441738834,0.0,0.34893780268107855,0.0,0.46245876736111113,0.002715164060428926,0.0025622010131052943,0.00034410712328689666,0.00025091930397500955,0.004475977166242532,0.03502507400777656,0.0,0.00027170101804815944,0.0,0.00016607988342569923
CF1,L4,0.5,bilinear,3,29.522616248467312,5.928973760520026,0.8989791935448688,0.04251695945808121,0.748874141242769,0.11466161401651838,0.0,0.013938629880237084,0.0,0.019932454427083333,0.06325416857940026,0.184046121048861,0.00010612515429717683,0.00018937162275673998,0.0004607755072358477,0.0015748346074047695,0.0,6.768455102426354e-05,0.0,9.167713144081968e-05
CF1,L4,0.5,inpaint_telea,3,28.891788594076843,6.814147489332957,0.8232898695123033,0.04927359298668605,0.6795830485886998,0.14220065823695063,0.0,0.013852375564601971,0.0,0.017025282118055554,0.018523739367155304,0.011072944744763641,0.00030749947807912433,0.00021114767581436862,0.000305025881181627,0.001119384244649719,0.0,6.516974848923508e-05,0.0,0.00012393029825258792
CF1,L4,0.5,inpaint_ns,3,31.18691032426423,7.966232823130876,0.8857982674424778,0.04202608046210354,0.7160035525759061,0.1305961798956342,0.0,0.011602871523743183,0.0,0.014902615017361112,0.025757463545515488,0.01193545837700878,0.0002667435139859209,0.00022179614105553974,0.00023256081404181915,0.0010909925382843139,0.0,4.775969731907215e-05,0.0,3.538765643741961e-05
CF1,L4,0.5,dictlearn,3,19.99376345406564,5.201437888221471,0.4595796443703735,0.14921151503843352,0.0,0.0,0.0,0.08738742829216385,0.0,0.14520697699652776,0.0029063840547166814,0.006123421366112027,0.0006261770800802633,0.0005036490728638679,0.0,0.0,0.0,5.914780435118484e-05,0.0,0.00021639621570410317
CF1,L5,0.7,csfr,3,29.490633203374742,8.04709762274407,0.8084017137583605,0.08210421390969885,0.7142019879486826,0.1381835698305972,0.0,0.008194031177327915,0.0,0.004162597656249999,0.011249928030871154,0.013920667688104568,0.00015364426644130392,0.0002197027888226922,0.0003067910206982529,0.0009375114777601121,0.0,8.383225878231199e-05,0.0,8.040869761738852e-05
CF1,L5,0.7,csfr_c1,3,27.257057074645207,8.63183370800246,0.6588424488466001,0.11985103115263279,0.6847280538578828,0.11538844052167042,0.0,0.012666859612913361,0.0070385742187500005,0.03354519314236112,0.02784775187683483,0.013650501844532708,0.0005831950694555152,0.00041802153259586116,0.0007252098755597709,0.0011252751724327005,0.0,7.326802841913361e-05,5.449841624637687e-05,2.512996002174107e-05
CF1,L5,0.7,csfr_c1c2,3,29.138329283549268,8.239658879027674,0.7974685017310996,0.08640680776376973,0.701234190116326,0.1477554075292368,0.0,0.010409364078546382,0.002747395833333333,0.01025173611111111,0.01769678158592067,0.01179947595524642,0.00016025716432131255,0.00021277820672068376,0.00019665374028532228,0.0010389787308476164,0.0,3.375461934636866e-05,2.2854174554932193e-05,7.268649309533471e-05
CF1,L5,0.7,csfr_c1c3,3,27.314251807537612,8.629778927725757,0.6617965100071695,0.11789216286885108,0.6831524776584571,0.11580419877567745,0.0,0.012425870879507986,0.0,0.0332421875,0.02953404135196718,0.017935259614963735,0.0008030246647284828,0.0004084012131494442,0.0006846749575829154,0.001123823004690544,0.0,7.852842998725079e-05,0.0,3.0514865330817126e-05
CF1,L5,0.7,csfr_c1c4,3,29.03165317143278,8.313106809884307,0.7775204402124012,0.0845175646454226,0.7587012719445759,0.10690604009647815,0.0,0.008447007334293126,0.009262152777777779,0.0012518988715277777,0.012726449768177724,0.010210143987893557,0.00046728479723116855,0.0004530465086135911,0.00018182066425161147,0.0010188871507087877,0.0,6.719609425106721e-05,9.525154664650485e-05,4.876177011419558e-05
CF1,L5,0.7,zero_fill,3,9.254390315109331,3.4421784873037313,0.07792061541941277,0.08188306952646958,3.25726124568118,2.68209934924984,0.0,0.29043802365039784,0.0,0.43169325086805554,0.0017935569370656397,0.00232579989151845,0.00027689587049038186,0.0002096047054894708,0.012478315297214842,0.06512266255913912,0.0,0.00014831222763843268,0.0,0.00038002398321652496
CF1,L5,0.7,bilinear,3,25.90917905807052,5.129980940390297,0.8136886310425037,0.07416427614026815,0.7485587639609972,0.11441058537960047,0.0,0.00981192142571672,0.0,0.015499674479166668,0.06067713974402712,0.0800475345896021,0.0002813831497169589,0.0004453882377338645,0.0008690789449063671,0.001120556719405702,0.0,7.143112329525782e-05,0.0,0.000306949777302701
CF1,L5,0.7,inpaint_telea,3,26.650706390075413,6.709645865367977,0.7216553004760627,0.07479633056422241,0.6723838272194067,0.14091763652165254,0.0,0.008560956883949176,0.0,0.00842312282986111,0.007718168233572575,0.012651470533064917,0.00040405039792435615,0.00011641800080215666,0.00022358233354812047,0.0009753131626988723,0.0,4.2160458233707716e-05,0.0,0.00012423275142169011
CF1,L5,0.7,inpaint_ns,3,28.05021980489599,7.725325456073153,0.7873657429039009,0.07486115282297957,0.7124719324873553,0.12743634385705058,0.0,0.008030616266122606,0.0,0.009493272569444445,0.01555454624464844,0.015593153868186261,0.0004752959904845194,0.0002487842246398265,0.0002452878136311871,0.001263871783616109,0.0,5.563269889714947e-05,0.0,8.80771327332338e-05
CF1,L5,0.7,dictlearn,3,18.52321727686049,5.197887121969693,0.3550089930752082,0.12561718248344758,0.0,0.0,0.0,0.07082837299919144,0.0,0.11806830512152777,0.0037715774594320106,0.0029209326676622196,0.0003890198594624795,0.0005805539764054811,0.0,0.0,0.0,0.0001991887087780586,0.0,0.00011547453607634908
CF2,L1,0.05,csfr,3,33.94414580319863,10.74663855557908,0.9242882815484674,0.053063777534692685,0.6177118227630852,0.42267863309215,0.0,0.019065531337999143,0.0,0.02721842447916667,0.029398862554935037,0.2842072283785128,0.0016163121191534327,0.0019376100607514989,0.02494318445847148,0.13202066688640185,0.0,0.00016185356471994593,0.0,0.0003686089264390447
CF2,L1,0.05,csfr_c1,3,32.16098658020723,9.22924852499392,0.908719332190532,0.05252035502761532,0.6415132168266507,0.22695299087473583,0.0,0.01933118387909619,0.0015117730034722224,0.02988552517361111,0.22988297886393186,0.12705047051145824,0.0019703860979544386,0.0006710725325644192,0.007622109702639152,0.00883801434341803,0.0,0.00014416277469639347,0.00011780439100144887,0.000309342813107841
CF2,L1,0.05,csfr_c1c2,3,33.85926587002695,10.808899934258994,0.9216066626724456,0.05418880172620936,0.5744585614899794,0.3746000713945929,0.0,0.01948288699536028,0.00025227864583333336,0.028138292100694445,0.06363470458885732,0.23592136180596066,0.001950177561401157,0.0025360947258898916,0.019483621527348942,0.08598615288842723,0.0,0.0001286874637404854,0.00014963929877043986,0.00035468723543787716
CF2,L1,0.05,csfr_c1c3,3,32.26936216982427,9.197166685519628,0.9096334771788385,0.05172690785978266,0.6295363560815652,0.222308988292479,0.0,0.019316991888998828,0.0,0.029871419270833335,0.21337486832081257,0.1161454461349353,0.0019019020171178332,0.0006203559395774395,0.006329091605644739,0.007672864983716957,0.0,0.00015368764109730318,0.0,0.0003032902544240307
CF2,L1,0.05,csfr_c1c4,3,31.540451045859854,9.681114878284864,0.9078054157468441,0.05347825076477788,0.7215012891093892,0.29738147636991835,0.0,0.019612957461714462,0.0022075737847222225,0.02643771701388889,0.11576185958849991,0.030406211422981468,0.0010564770265427234,0.001018343458513855,0.01843916266845365,0.06813569440358053,0.0,0.00010962810165551147,0.00010818433486658679,0.00039522099862540627
CF2,L1,0.05,zero_fill,3,18.6115780192703,6.142142620220814,0.8117998306747912,0.07027190220364933,3.2430475355850326,2.6792940071265754,0.0,0.027138723667998823,0.0,0.04155653211805555,0.11376803755921097,0.8495693142992969,0.002525910650493748,0.0028720440777437184,0.007339950797377998,0.01836352304515949,0.0,0.0002869385830704504,0.0,0.0003409978552646868
CF2,L1,0.05,bilinear,3,34.14591108990556,10.776320538277679,0.9245040678546532,0.050156607433660495,0.685901986029413,0.28024898412094723,0.0,0.01958498677001141,0.0,0.028505859375,0.13209742000784203,0.5952764662230857,0.0019952096627908677,0.002371916441431976,0.009013751347777531,0.006918203582033341,0.0,0.0001292995042062609,0.0,0.00027526807851563107
CF2,L1,0.05,inpaint_telea,3,33.428526272444024,8.909022402179412,0.9277676219866874,0.0426392297555594,0.686646089512441,0.27008034464162506,0.0,0.018979965861864106,0.0,0.02743408203125,0.05107101023059301,0.5258063776492048,0.0016469293752727962,0.0023265377096642796,0.010296636781755714,0.009701602999074065,0.0,0.00016247942801529927,0.0,0.00035601275639215573
CF2,L1,0.05,inpaint_ns,3,33.60302660553351,9.919949099318456,0.9275958087549311,0.043701732879355304,0.6936169145173497,0.2730602896308939,0.0,0.019029982391722215,0.0,0.027445475260416668,0.07732042309153841,0.48379571131922494,0.00171708325201439,0.002685045271522524,0.009654995056952772,0.01134658132183745,0.0,0.00015654291698793846,0.0,0.00035383330968847903
CF2,L1,0.05,dictlearn,3,29.652018015523183,7.830478321359858,0.8959056043079846,0.05076078703137638,0.5325116989740896,0.2731073174463048,0.0,0.022611882762575985,0.0,0.03361138237847222,0.09890463265414833,0.1549515471417334,0.0022652738895824307,0.0008327005373070746,0.0036625014025398832,0.009319126795967645,0.0,6.48367390328719e-05,0.0,0.00033188383754193435
CF2,L2,0.15,csfr,3,29.18941180674659,9.690440689909133,0.859463304180121,0.06357050548433522,0.6448917119577527,0.47023449972221165,0.0,0.017189015677221402,0.0,0.024149848090277776,0.07295833166706031,0.3638730021817888,0.0015442757764701207,0.0014820582409203588,0.005339489426626479,0.003347762164322565,0.0,0.00011964005853561781,0.0,0.0003299324895360076
CF2,L2,0.15,csfr_c1,3,28.03526691388198,8.606647472986532,0.8310483250868691,0.061171602850780486,0.6499544343849023,0.20145072937566164,0.0,0.017659005849903524,0.0033026801215277775,0.02887858072916667,0.12002203220857612,0.1716663212209675,0.0012541695574485145,0.0022318596161657665,0.009155159396238864,0.019328536423576945,0.0,0.00012255461829781936,5.972935242191519e-05,0.00022470469149297117
CF2,L2,0.15,csfr_c1c2,3,29.242991729424432,9.803326022109994,0.855256820273662,0.06592454608219332,0.5914467762369248,0.37837400866870463,0.0,0.017940779335476692,0.00056884765625,0.02565836588541667,0.08231618461247296,0.3494402513844716,0.0016399204537653241,0.0019106221348261017,0.0038653411125243835,0.018392996114984066,0.0,0.0001364864976189884,6.81491424577081e-05,0.0003008302444106882
CF2,L2,0.15,csfr_c1c3,3,28.238986604098944,8.51879903445226,0.8330548253806668,0.0596018342051727,0.6281772081388368,0.19060877962359934,0.0,0.017612020577378443,0.0,0.02882080078125,0.11130936775014215,0.18705985223790816,0.0014431771372576585,0.00216227758195149,0.009276556209312031,0.01684614016855557,0.0,0.00011309596919742368,0.0,0.00024211489592957996
CF2,L2,0.15,csfr_c1c4,3,27.229494766916094,8.846573847507264,0.82762845126518,0.06308451804986533,0.7518240852488413,0.35255872919137327,0.0,0.01826278667681941,0.004763454861111111,0.022809244791666666,0.17384030857240604,0.11192786905695692,0.0011220207109761417,0.002012687957702946,0.005570036241954744,0.022670204910867825,0.0,0.00010471482581422884,0.00012725244143760374,0.00030184561777817467
CF2,L2,0.15,zero_fill,3,15.336499273730164,4.917126473587739,0.6744289628624865,0.06943460987108085,3.2080551032887565,2.607147818715242,0.0,0.03082671967123234,0.0,0.04745958116319445,0.13598565722744888,0.9976210012249125,0.0009281053205389604,0.002261466215361303,0.0024462270345430707,0.005248628508265431,0.0,0.00014268390955836415,0.0,0.0007986726598932818
CF2,L2,0.15,bilinear,3,30.157750813568764,9.73758692260124,0.8627782816273527,0.06030924036570795,0.6616284825404485,0.22587349146882074,0.0,0.017967785580209842,0.0,0.026343587239583337,0.24888590733447097,0.6928181865682541,0.0021347750933366602,0.0020177990319446806,0.010681719872725483,0.009733303730638805,0.0,8.642437681817315e-05,0.0,0.0002379764722372324
CF2,L2,0.15,inpaint_telea,3,29.524604753712634,7.870271918102087,0.8680078824214318,0.04920860428230369,0.6804707842278811,0.23207947841376989,0.0,0.017040206215315264,0.0,0.024637586805555556,0.11824296033158903,0.15811310760641092,0.001899191730219321,0.0020511122904041793,0.00792420293411857,0.008056478668358173,0.0,0.00010961512921949312,0.0,0.0002721737786091204
CF2,L2,0.15,inpaint_ns,3,29.64252432615585,8.483060474543107,0.8683482317118535,0.05140112304203693,0.6833606712685691,0.22989037998830383,0.0,0.017134314448792595,0.0,0.024681532118055554,0.19062109947189218,0.5540079837956017,0.0013990320286255248,0.001756104019852112,0.0057326616391538,0.004220284125300591,0.0,0.00011471080536640007,0.0,0.0002409773489840045
CF2,L2,0.15,dictlearn,3,26.03839952511669,6.840017254448461,0.8113472470744792,0.05269356621835377,0.46902972822388017,0.1846093673495739,0.0,0.023391341523076536,0.0,0.035478515625000005,0.08664835911100748,0.08351723046924787,0.0014623284479375667,0.0010610333895446464,0.0029817568632221608,0.0037692035035231807,0.0,2.3193235719679727e-05,0.0,0.00019727945646469798
CF2,L3,0.3,csfr,3,25.021639770585978,8.812905381876487,0.7488364581940634,0.08951808530239698,0.7141359008517529,0.542313932028235,0.0,0.014271660106589682,0.0,0.019263780381944446,0.06838145084640203,0.13439231921599118,0.0011857968799185309,0.0008404966677980605,0.008348416753232292,0.054096962628416276,0.0,0.00022562250134811862,0.0,0.0004171127121775575
CF2,L3,0.3,csfr_c1,3,23.704805466799126,8.168563305831414,0.6963855068641335,0.0843825631503421,0.7799129113886091,0.40269603069484655,0.0,0.015098793042707259,0.006339789496527778,0.027271050347222225,0.04105842598604342,0.12748150375832557,0.0017154559527635378,0.001127125037524564,0.007972836946499662,0.038853527780390494,0.0,0.00019903268790135386,0.0003763705353526055,0.0004920088533311175
CF2,L3,0.3,csfr_c1c2,3,25.016868478055574,8.990573185614233,0.7407824979832247,0.09431768325919683,0.6778459317568276,0.513773704942317,0.0,0.015618937400092061,0.0006239149305555556,0.02188259548611111,0.07882519790436679,0.12547678876815613,0.0014970044124791163,0.0012446270888562883,0.009838533401662459,0.0502093147074825,0.0,0.00020509796134336505,3.3364782685594194e-05,0.0005062277792641491
CF2,L3,0.3,csfr_c1c3,3,24.154849297435124,8.142578787266293,0.7017125987889945,0.0824777768804011,0.7257684843407737,0.35167469225012216,0.0,0.014973682808469876,0.0,0.027166612413194444,0.06436985297362958,0.21126116735082162,0.0012790430949396856,0.0011037947382836416,0.005810336923543998,0.03540354871910959,0.0,0.00019812785777365802,0.0,0.0004701514936867619
CF2,L3,0.3,csfr_c1c4,3,23.0152637253638,8.389527390791104,0.6921822926393059,0.08755642790802061,0.8872731395231354,0.6251900128920816,0.0,0.016255924835697644,0.009114312065972222,0.016841634114583334,0.046552657683668563,0.18466010809244748,0.0026854854167089066,0.0009349369849320388,0.008376856350608676,0.04987648042214381,0.0,0.0001320447795751604,0.0003829365186034792,0.000404159601768105
CF2,L3,0.3,zero_fill,3,12.716717511058652,3.905389399826378,0.47761801252558717,0.07255701576914066,3.177154322928853,2.541643270644387,0.0,0.035116705235785854,0.0,0.055412326388888884,0.020544294531553344,0.03139891945609023,0.002776775824948382,0.0013640229984603046,0.007200874385544512,0.04094062226347055,0.0,0.0001141632813982662,0.0,0.00015301835740617696
CF2,L3,0.3,bilinear,3,26.672933942678764,8.576131469902988,0.7604614611364896,0.08555315622743469,0.6694722538938125,0.20371852794737677,0.0,0.015425071685684896,0.0,0.02256049262152778,0.09565192677614302,0.37735917668186336,0.002254887155801418,0.0015279716360683281,0.010697947883489359,0.029639606753698047,0.0,0.00016497222521683603,0.0,0.000374930159419081
CF2,L3,0.3,inpaint_telea,3,26.12804350299531,7.2512427827633,0.7678434135333219,0.06974448174196075,0.6945949035386244,0.19641215098640905,0.0,0.01406222446192664,0.0,0.02001491970486111,0.04623613052426121,0.02447057917960053,0.0014535729353287248,0.0012621244723804706,0.006380693223704224,0.0045404096003958125,0.0,0.00020830555555636466,0.0,0.0004234442668932106
CF2,L3,0.3,inpaint_ns,3,26.152952010335202,7.519598326217301,0.7692052689068728,0.07312862187093895,0.6995068991018666,0.1948553501096297,0.0,0.014235835573247944,0.0,0.02018364800347222,0.07404360781714238,0.07119557632818574,0.0013646993434901927,0.001292180436083574,0.0052339606028057465,0.003956047675511141,0.0,0.0002178095031625401,0.0,0.00041346930329720497
CF2,L3,0.3,dictlearn,3,22.989830225213627,6.405605737693192,0.6781196308980432,0.061817151730856744,0.4427965156816774,0.14158013044362514,0.0,0.024993110737753645,0.0,0.03927327473958333,0.03271790925999224,0.06472295215548644,0.0017912815934619435,0.00127837595471647,0.00583066511485982,0.008324468757417759,0.0,0.0001276027603561368,0.0,0.00010390141942505538
CF2,L4,0.5,csfr,3,20.355902659951756,8.193356959879324,0.5695630105066476,0.12325767421489171,0.927241335792674,0.8327340519978904,0.0,0.010087907897589806,0.0,0.01219970703125,0.1260175057025407,0.1426828315924863,0.000759157931387985,0.0014610625600032631,0.007545082090307112,0.06883941645792396,0.0,0.00020654826134451838,0.0,0.00024048459726135554
CF2,L4,0.5,csfr_c1,3,18.20040508118171,7.123823772986026,0.48104563510841647,0.10154164665832759,1.1518533235788346,0.8660265982275451,0.0,0.011245315334203447,0.020118815104166663,0.02411838107638889,0.08183741458310581,0.09907246053934428,0.0019728054157441975,0.002574469293492923,0.010810976318342207,0.06125236785027291,0.0,0.0001993178196980644,0.0001640425304928077,0.00010299518376328661
CF2,L4,0.5,csfr_c1c2,3,20.224122616292377,8.236883013540606,0.5577565747896918,0.12817713775136128,0.9133339038656817,0.8250173957969801,0.0,0.012075755147347484,0.000903591579861111,0.015999077690972224,0.1218453122024847,0.1682081419397459,0.0008158309292926497,0.0013989106509305898,0.006186749535047377,0.0642436730544287,0.0,0.0002503451164147138,0.00018662563579453832,0.00022014746102732202
CF2,L4,0.5,csfr_c1c3,3,19.127183530458066,7.0091753492164175,0.4978966109948342,0.10027363560290231,1.0039419657654232,0.7591428851200016,0.0,0.010907875922857782,0.0,0.02391574435763889,0.07646145083513783,0.0989021351500118,0.001844281410095426,0.0027486657434877865,0.010586654444173104,0.055957539832774544,0.0,0.00020047579596028106,0.0,0.00011385734555477318
CF2,L4,0.5,csfr_c1c4,3,18.0027563624511,7.301067723483041,0.48083741390484586,0.10416418494519974,1.2065535208251743,1.0108618024356666,0.0,0.013405809154695211,0.025122070312499998,0.009124348958333334,0.09826574445700656,0.0721335158200735,0.002055859137497655,0.0017861293407505094,0.012600616672996064,0.05312326024061569,0.0,0.0003589943993484751,0.00011813498922545654,0.0001865826524407161
CF2,L4,0.5,zero_fill,3,10.694257589035415,3.87994129533816,0.26308071807158295,0.07499681387987968,3.1456897030274074,2.4679437140662865,0.0,0.03496086862649666,0.0,0.05780409071180556,0.023653645534701135,0.06818183504849562,0.0019528130324984242,0.0025551066219401944,0.015778265660987865,0.023739569967242448,0.0,0.00024720538653399455,0.0,0.00021887326005627753
CF2,L4,0.5,bilinear,3,23.77189182381194,7.922011952627888,0.6103218566771541,0.12377040134784206,0.6536312430848678,0.1679600115465357,0.0,0.011447861671363677,0.0,0.016397840711805552,0.12401606465550045,0.09711625970106649,0.0023028015362984216,0.0004461124748153065,0.00328377560825784,0.009175454257841545,0.0,0.00014957620390298077,0.0,0.00025408123829664595
CF2,L4,0.5,inpaint_telea,3,23.24476266148747,6.939753301582474,0.6194843114597472,0.09922019935794187,0.7004913443989224,0.1825849297968775,0.0,0.009789875538554043,0.0,0.013240831163194446,0.039528651273577485,0.2156560058325777,0.0008227116388445393,0.0006426242911548992,0.004297262879412803,0.005125793520737031,0.0,0.00017755598671681478,0.0,0.00023819467824436944
CF2,L4,0.5,inpaint_ns,3,23.245533921404416,7.113627316491443,0.621114284087304,0.10462126527699804,0.7062050868984726,0.18118268701162457,0.0,0.010091628171228675,0.0,0.013551432291666667,0.018934866106963377,0.20649248700009815,0.0010841915776504635,0.0010063262063609668,0.0043723105772455,0.0037293930997146065,0.0,0.0001392187698581859,0.0,0.0002412983788337834
CF2,L4,0.5,dictlearn,3,20.4780691709481,5.93670072642725,0.49912959028260456,0.08025043479221416,0.37382187747293044,0.11331120864246469,0.0,0.024763971595643346,0.0,0.040438639322916664,0.07000027657035923,0.07762383202880221,0.0029771470880935436,0.002265722437728346,0.0035029925808220553,0.0008614363779331157,0.0,0.00031321998684199766,0.0,0.0007543996522453686
CF2,L5,0.7,csfr,3,15.929000205999772,6.8260614306603635,0.37217710355466904,0.14163106865295758,1.3080244469808209,1.1888147397236668,0.0,0.006078593569206228,0.0,0.0052311197916666665,0.1034162024885865,0.08935609680511046,0.0011868245477212225,0.0017741056230906613,0.00844976913832446,0.06770089567983892,0.0,7.553999393728424e-05,0.0,9.06528279146387e-05
CF2,L5,0.7,csfr_c1,3,13.404489734505537,5.218190185875865,0.2487496797070695,0.0841360955043788,1.7127764736943776,1.3092249474518176,0.0,0.007480572195749522,0.07042833116319445,0.019843478732638888,0.05130394557619649,0.052044217780035075,0.0015392805541976178,0.0038770651689824143,0.006825092978784096,0.03857829217811338,0.0,0.00011610234321328236,0.0014348172100045462,0.0002957692613701151
CF2,L5,0.7,csfr_c1c2,3,15.766445558823959,6.768095875996845,0.3608876389567451,0.14418200227827452,1.3197775697045855,1.2087414160195242,0.0,0.008334849076232382,0.0005731879340277778,0.009182942708333334,0.11289702122548875,0.10222970231230971,0.001086151591527839,0.0019729034793306054,0.010371050991983063,0.06734226529436663,0.0,0.00010680229087010572,6.407998847655942e-05,0.00013384178754180122
CF2,L5,0.7,csfr_c1c3,3,14.752627062564457,5.333261939693576,0.2837071855585556,0.09424965613971419,1.4356308267845048,1.1571724694918621,0.0,0.0069093089534241385,0.0,0.019319661458333335,0.05007781842856211,0.07273424396781726,0.0009938740512157903,0.001551721565357336,0.004635111161293865,0.03842394902248759,0.0,8.202945084091978e-05,0.0,0.0003322844692873795
CF2,L5,0.7,csfr_c1c4,3,13.433933909320764,5.393068527975072,0.25404985449327816,0.08684115886764839,1.7151926892995835,1.3737036268174474,0.0,0.009061948912082394,0.07372775607638889,0.0030178493923611114,0.06128725571845285,0.056806268873370785,0.0012543266549487635,0.004045691994103185,0.007932121473268567,0.032807301226087195,0.0,0.00030349511052597366,0.0017624623945863944,6.619812952547598e-05
CF2,L5,0.7,zero_fill,3,9.242967052861236,3.541886172102172,0.1016432249799597,0.06828149873878016,3.0944353651338155,2.369973170712381,0.0,0.029938822821972685,0.0,0.05260796440972223,0.007721203259950057,0.014197148510651725,0.0012142884247103173,0.0008084195510872931,0.009374733608698099,0.020481956397747515,0.0,0.00019938263795066472,0.0,0.0007700707536465468
CF2,L5,0.7,bilinear,3,21.173659604625584,7.329314838220735,0.4491650673695759,0.1591220556714303,0.645246527493,0.16345248095117382,0.0,0.0073764055129787376,0.0,0.009265950520833333,0.04715833870753931,0.09932197081264346,0.0011980848100068828,0.003961738523102229,0.008278354097624256,0.002616789485904795,0.0,3.8830884486749954e-05,0.0,0.00019327185548546346
CF2,L5,0.7,inpaint_telea,3,20.546023962453187,6.464081905046627,0.45759475416287804,0.12795839708373022,0.7234991659058464,0.17529678073179242,0.0,0.005678461284227929,0.0,0.006271430121527778,0.0288381752107636,0.06698041469982428,0.0013252586320649637,0.0020104067193611615,0.010494068301648188,0.0028933139332219552,0.0,6.03942523790972e-05,0.0,0.00011539612788422267
CF2,L5,0.7,inpaint_ns,3,20.541143511229023,6.562998717959588,0.4603151097136042,0.13413747552177016,0.7286768640412226,0.1730190034800099,0.0,0.006044284726619178,0.0,0.006617296006944444,0.04694761198043535,0.06700967923644348,0.00047714393590947543,0.0030522955964531677,0.0091144349035532,0.003959502468807897,0.0,6.170964794932405e-05,0.0,0.00012701976508773188
CF2,L5,0.7,dictlearn,3,18.324226337007158,5.552010068972048,0.33876263664935635,0.11611119966825277,0.02366863070262803,0.0818693282203558,0.0,0.013036265527205411,0.0,0.016701117621527775,0.0340275970193391,0.021523732085758376,0.0013270091657070567,0.0016571129171706694,0.004615294542068481,0.010984829514457976,0.0,0.0002778700873579976,0.0,0.0004209286331806005
CF3,L1,0.05,csfr,3,38.896216279759805,9.721619227726226,0.9933584821053884,0.004742856093725398,0.895554668928186,0.5828639267281541,0.0,0.020485284477957368,0.0,0.029269205729166668,0.0,0.0,0.0,0.0,1.1102230246251565e-16,0.0,0.0,0.0,0.0,0.0
CF3,L1,0.05,csfr_c1,3,34.59707486510899,8.730954704424814,0.9860812393985615,0.007898678009466118,0.8113652092963456,0.3586037344388356,0.0,0.020922619058304313,0.0009855143229166668,0.030541992187499995,0.0,0.0,0.0,0.0,1.1102230246251565e-16,0.0,0.0,0.0,0.0,3.469446951953614e-18
CF3,L1,0.05,csfr_c1c2,3,37.9684756409626,9.885393639984896,0.99213580511989,0.005425463856059104,0.8196284659703572,0.5207768699784869,0.0,0.02061094582012932,6.673177083333333e-05,0.029673665364583334,0.0,0.0,0.0,0.0,0.0,0.0,0.0,0.0,0.0,0.0
CF3,L1,0.05,csfr_c1c3,3,34.75606692528814,8.676296416551398,0.9863737162719436,0.007731139840377148,0.8012193397432567,0.35605212319939433,0.0,0.020881283094349782,0.0,0.030536295572916667,0.0,0.0,0.0,0.0,1.1102230246251565e-16,0.0,0.0,0.0,0.0,0.0
CF3,L1,0.05,csfr_c1c4,3,33.81879540353832,9.777634087840417,0.9862078786033915,0.008121232176078783,0.9867661003023386,0.9503869195779361,0.0,0.021663773165491878,0.002132161458333333,0.0287060546875,0.0,0.0,0.0,0.0,0.0,0.0,0.0,3.469446951953614e-18,0.0,0.0
CF3,L1,0.05,zero_fill,3,21.62761768704866,4.618259898729597,0.9592536074102394,0.009698124769991729,3.5475731223821634,5.739994295509203,0.0,0.025834986822640835,0.0,0.03470052083333333,0.0,0.0,0.0,0.0,4.440892098500626e-16,8.881784197001252e-16,0.0,0.0,0.0,0.0
CF3,L1,0.05,bilinear,3,21.62761768704866,4.618259898729597,0.9592536074102394,0.009698124769991729,3.5475731223821634,5.739994295509203,0.0,0.025834986822640835,0.0,0.03470052083333333,0.0,0.0,0.0,0.0,4.440892098500626e-16,8.881784197001252e-16,0.0,0.0,0.0,0.0
CF3,L1,0.05,inpaint_telea,3,38.42311723761615,8.90247948657498,0.9929287560089294,0.004521783741965864,0.8994217253973087,0.5767355081141236,0.0,0.0204327876715494,0.0,0.02928466796875,0.0,0.0,0.0,0.0,0.0,0.0,0.0,0.0,0.0,0.0
CF3,L1,0.05,inpaint_ns,3,38.63634293538375,10.190609561151092,0.9929979378773468,0.004807791276986287,0.8999037729948759,0.5743998640609815,0.0,0.020441468297988954,0.0,0.029408365885416666,0.0,0.0,0.0,0.0,0.0,0.0,0.0,0.0,0.0,0.0
CF3,L1,0.05,dictlearn,3,34.6731696674759,9.324182473362775,0.9872168873281336,0.006738986618213459,0.9391833742873535,0.4736352106026971,0.0,0.021874035512462597,0.0,0.031900770399305556,0.23476751337953597,0.08501511110979279,0.00035342207109456133,0.00016107989337964764,0.0072483317429549495,0.027309642580348955,0.0,0.00011208090146444226,0.0,8.154370873079462e-05
CF3,L2,0.15,csfr,3,24.352853126836276,8.889385356012726,0.8988486960738568,0.035204702799548855,1.6486669158935545,4.7346713510238745,0.0,0.018348214389552597,0.0,0.02580078125,3.552713678800501e-15,0.0,1.1102230246251565e-16,0.0,2.220446049250313e-16,0.0,0.0,0.0,0.0,0.0
CF3,L2,0.15,csfr_c1,3,24.148704578986138,7.577626841461888,0.8904878490853797,0.027541161342826557,1.3634142129619917,3.7405054654172383,0.0,0.018790509434426592,0.007757975260416667,0.0292919921875,0.0,0.0,1.1102230246251565e-16,0.0,0.0,0.0,0.0,0.0,0.0,0.0
CF3,L2,0.15,csfr_c1c2,3,23.682997159075935,8.874152181437648,0.8914528745680216,0.037080357544233916,1.8109020572404066,5.228943333316707,0.0,0.019841683270205978,0.0002180989583333333,0.027430826822916667,0.0,0.0,0.0,0.0,0.0,0.0,0.0,0.0,2.710505431213761e-20,0.0
CF3,L2,0.15,csfr_c1c3,3,24.800401910074594,7.394382578765016,0.8930688001942558,0.026972724528447536,1.2574394539992015,3.7039311342282084,0.0,0.018695023203278347,0.0,0.029273274739583337,3.552713678800501e-15,8.881784197001252e-16,1.1102230246251565e-16,0.0,0.0,4.440892098500626e-16,0.0,0.0,0.0,3.469446951953614e-18
CF3,L2,0.15,csfr_c1c4,3,23.499590363577244,7.833672559244282,0.8904752271425468,0.0273445204235936,1.5707495149970054,4.594556838930437,0.0,0.020127728273558507,0.010450846354166666,0.0247998046875,0.0,0.0,0.0,0.0,0.0,0.0,0.0,0.0,0.0,0.0
CF3,L2,0.15,zero_fill,3,16.4180638908526,4.444807796909091,0.8425700112816993,0.01806995091033666,3.883696921865145,7.428702873806569,0.0,0.023534639732630844,0.0,0.031079915364583332,0.0,0.0,0.0,0.0,0.0,8.881784197001252e-16,0.0,0.0,0.0,0.0
CF3,L2,0.15,bilinear,3,16.4180638908526,4.444807796909091,0.8425700112816993,0.01806995091033666,3.883696921865145,7.428702873806569,0.0,0.023534639732630844,0.0,0.031079915364583332,0.0,0.0,0.0,0.0,0.0,8.881784197001252e-16,0.0,0.0,0.0,0.0
CF3,L2,0.15,inpaint_telea,3,29.480282327869304,8.597225481736581,0.9257605945157877,0.025321616203903205,0.8359671700000763,0.47480303764673965,0.0,0.018175016615956944,0.0,0.025839029947916665,0.0,0.0,0.0,0.0,0.0,0.0,0.0,0.0,0.0,3.469446951953614e-18
CF3,L2,0.15,inpaint_ns,3,29.39534742614087,9.802238844039575,0.922700252468449,0.02732866584436121,0.8341577165822188,0.47468789599000605,0.0,0.018187004036590224,0.0,0.025909830729166666,0.0,0.0,1.1102230246251565e-16,3.469446951953614e-18,0.0,0.0,0.0,0.0,0.0,0.0
CF3,L2,0.15,dictlearn,3,25.053025561509227,6.1476643610160275,0.8949714145650912,0.019549644257424163,0.18307907924469977,0.09470720806586803,0.0,0.020349151238333436,0.0,0.02894911024305555,0.014335774625724735,0.014478821222348786,0.00031524580834699304,0.00015191444452648556,0.0007663089253912392,0.0005582686003078023,0.0,2.8817476263369615e-05,0.0,3.293860511427966e-05
CF3,L3,0.3,csfr,3,16.965184274579556,6.133334256593904,0.7566493568650388,0.05165840937387565,2.809914127290249,6.594549850525444,0.0,0.015807705076683002,0.0,0.0211376953125,0.0,0.0,0.0,0.0,0.0,8.881784197001252e-16,0.0,0.0,0.0,0.0
CF3,L3,0.3,csfr_c1,3,16.75678306216736,5.468186984858459,0.7378581790548925,0.0410212650042674,2.6061387068033217,6.16553454188211,0.0,0.016267774595568576,0.03338948567708333,0.02713134765625,0.0,0.0,0.0,0.0,0.0,0.0,0.0,0.0,0.0,0.0
CF3,L3,0.3,csfr_c1c2,3,16.704186186502973,6.073989332403966,0.748611969792876,0.05256911549077186,2.906335137883822,6.865587288380783,0.0,0.01730241411937944,3.4993489583333335e-05,0.0229150390625,0.0,0.0,1.1102230246251565e-16,0.0,0.0,0.0,0.0,0.0,0.0,0.0
CF3,L3,0.3,csfr_c1c3,3,18.212072418505294,5.717153312929688,0.7478099704563973,0.042784217813742746,2.2808860339721044,6.096128093514397,0.0,0.01591641864584138,0.0,0.027001953124999995,0.0,0.0,0.0,0.0,0.0,8.881784197001252e-16,0.0,0.0,0.0,3.469446951953614e-18
CF3,L3,0.3,csfr_c1c4,3,16.657539395103928,5.602223819041797,0.7391879746839879,0.04110197235435188,2.646355258822441,6.437904829218166,0.0,0.019093915487367972,0.03694173177083333,0.019999186197916668,0.0,0.0,0.0,0.0,0.0,0.0,0.0,0.0,0.0,0.0
CF3,L3,0.3,zero_fill,3,13.402521720168687,4.044070147779306,0.6884326424077437,0.020622545091371094,4.1575907877087594,8.097564661765329,0.0,0.02062169326648776,0.0,0.026659342447916668,0.0,0.0,0.0,0.0,0.0,0.0,0.0,0.0,0.0,0.0
CF3,L3,0.3,bilinear,3,13.402521720168687,4.044070147779306,0.6884326424077437,0.020622545091371094,4.1575907877087594,8.097564661765329,0.0,0.02062169326648776,0.0,0.026659342447916668,0.0,0.0,0.0,0.0,0.0,0.0,0.0,0.0,0.0,0.0
CF3,L3,0.3,inpaint_telea,3,24.41002963571469,8.029645468077657,0.8126340412231986,0.05647816925776549,0.7853698612252872,0.45594627240242486,0.0,0.015131861896564564,0.0,0.021218261718750003,0.0,0.0,0.0,0.0,1.1102230246251565e-16,0.0,0.0,0.0,0.0,3.469446951953614e-18
CF3,L3,0.3,inpaint_ns,3,24.39758454068875,9.578334717852751,0.8074475515984818,0.059548357074042414,0.7890144618103901,0.4530419489805719,0.0,0.015141782574355602,0.0,0.021284993489583334,0.0,0.0,0.0,0.0,0.0,5.551115123125783e-17,0.0,0.0,0.0,0.0
CF3,L3,0.3,dictlearn,3,21.89671757239286,5.832125885866255,0.779401117224871,0.041003375544877464,0.14050113737169237,0.06522117226302417,0.0,0.017705853322275086,0.0,0.02492648654513889,0.008764538277863788,0.006627600559445197,0.00015730031427737233,0.00012940501400259596,0.0007433683666631464,0.0016890552802053317,0.0,6.40756377174193e-05,0.0,9.917558465507624e-05
CF3,L4,0.5,csfr,3,12.799099712929854,4.815311091036173,0.5456348959552215,0.07142954819914958,3.9407612186173595,8.919914745896072,0.0,0.012115575469554945,0.0,0.01465087890625,1.7763568394002505e-15,0.0,0.0,0.0,4.440892098500626e-16,0.0,0.0,0.0,0.0,0.0
CF3,L4,0.5,csfr_c1,3,12.180005422155778,4.157890234303141,0.5105578660825258,0.04347248664071923,4.03336767355601,9.018053312988211,0.0,0.01322007283733304,0.12160644531250002,0.024095052083333332,0.0,0.0,0.0,0.0,0.0,0.0,0.0,1.734723475976807e-18,1.3877787807814457e-17,0.0
CF3,L4,0.5,csfr_c1c2,3,12.61002694273359,4.76407042169027,0.5357760063853456,0.0718264446438754,4.069549570828676,9.214036238127076,0.0,0.014429976939815485,4.720052083333333e-05,0.017259928385416668,0.0,0.0,0.0,0.0,0.0,0.0,0.0,0.0,0.0,0.0
CF3,L4,0.5,csfr_c1c3,3,13.732128943599285,4.5571749087105236,0.5343339462545507,0.050922498885236055,3.5787791940569877,8.964123589233536,0.0,0.012614914120349567,0.0,0.02361490885416667,0.0,0.0,0.0,6.938893903907228e-18,0.0,0.0,0.0,0.0,0.0,0.0
CF3,L4,0.5,csfr_c1c4,3,12.12883031096991,4.21780352023418,0.5134630891197083,0.04387511300388428,4.026579259435336,9.02942400536619,0.0,0.0170262896095907,0.12281656901041667,0.013264160156250001,0.0,0.0,0.0,6.938893903907228e-18,0.0,0.0,0.0,0.0,0.0,1.734723475976807e-18
CF3,L4,0.5,zero_fill,3,11.02534491198908,3.919436142174772,0.4665292888386782,0.033643379290327964,4.857843859593074,10.0192108825889,0.0,0.016648479070233105,0.0,0.018990071614583333,0.0,0.0,0.0,0.0,0.0,0.0,0.0,0.0,0.0,0.0
CF3,L4,0.5,bilinear,3,11.02534491198908,3.919436142174772,0.4665292888386782,0.033643379290327964,4.857843859593074,10.0192108825889,0.0,0.016648479070233105,0.0,0.018990071614583333,0.0,0.0,0.0,0.0,0.0,0.0,0.0,0.0,0.0,0.0
CF3,L4,0.5,inpaint_telea,3,20.596715867212648,6.8409195893370365,0.6464523034398635,0.09215935114197092,0.7584938888996838,0.38709483416556195,0.0,0.011149140318933251,0.0,0.014715983072916666,0.0,8.881784197001252e-16,0.0,0.0,1.1102230246251565e-16,5.551115123125783e-17,0.0,1.734723475976807e-18,0.0,0.0
CF3,L4,0.5,inpaint_ns,3,20.59866688868573,8.333347686496248,0.6368929822116013,0.09430787727434549,0.7400400830308597,0.36982038938716116,0.0,0.011159474329809503,0.0,0.0149072265625,0.0,0.0,0.0,0.0,0.0,0.0,0.0,0.0,0.0,0.0
CF3,L4,0.5,dictlearn,3,19.087417547459538,5.654819284947073,0.6058583900542304,0.08321398433078508,0.0,0.0,0.0,0.012478918659083621,0.0,0.01611572265625,0.0,0.0,0.0,0.0,0.0,0.0,0.0,1.734723475976807e-18,0.0,0.0
CF3,L5,0.7,csfr,3,10.605039744486128,4.202729352080555,0.3279265091153505,0.08551529593853853,5.07407108142972,11.647703075965362,0.0,0.007381779202454103,0.0,0.0076025390625,0.0,0.0,0.0,1.3877787807814457e-17,0.0,1.7763568394002505e-15,0.0,0.0,0.0,0.0
CF3,L5,0.7,csfr_c1,3,9.768169773116737,3.694575981790108,0.2766937383794149,0.046410139630152204,5.410917663375536,11.97579282239118,0.0,0.008430059577852565,0.2877587890625,0.020328776041666666,0.0,4.440892098500626e-16,0.0,6.938893903907228e-18,0.0,1.7763568394002505e-15,0.0,0.0,0.0,0.0
CF3,L5,0.7,csfr_c1c2,3,10.494085167285908,4.166860387086521,0.31902526089127453,0.08522717590290811,5.171791656464339,11.876276313012262,0.0,0.008969494132034015,0.00125244140625,0.009532063802083334,0.0,0.0,0.0,1.3877787807814457e-17,0.0,0.0,0.0,0.0,0.0,0.0
CF3,L5,0.7,csfr_c1c3,3,11.284379763736958,4.100695355925267,0.3181282481045098,0.06467214756162709,4.738273279989759,11.427368901967313,0.0,0.0074243552519086126,0.0,0.01883056640625,0.0,0.0,0.0,0.0,0.0,0.0,0.0,0.0,0.0,0.0
CF3,L5,0.7,csfr_c1c4,3,9.684156026762196,3.705712377252562,0.2790239503061088,0.04668143969141394,5.431461497197549,12.077675310642642,0.0,0.012709573386722088,0.29185628255208335,0.006095377604166666,0.0,4.440892098500626e-16,0.0,6.938893903907228e-18,0.0,0.0,0.0,0.0,0.0,0.0
CF3,L5,0.7,zero_fill,3,9.453288108126573,3.7206283864921557,0.2454510556004066,0.049033736506086806,5.835025371928932,12.631318890431293,0.0,0.012077959855523658,0.0,0.013524576822916667,0.0,0.0,0.0,0.0,0.0,1.7763568394002505e-15,0.0,0.0,0.0,0.0
CF3,L5,0.7,bilinear,3,9.453288108126573,3.7206283864921557,0.2454510556004066,0.049033736506086806,5.835025371928932,12.631318890431293,0.0,0.012077959855523658,0.0,0.013524576822916667,0.0,0.0,0.0,0.0,0.0,1.7763568394002505e-15,0.0,0.0,0.0,0.0
CF3,L5,0.7,inpaint_telea,3,17.87371463094495,6.15509472526399,0.4698186336332288,0.12642519625288795,0.7359911064306895,0.39002303298698093,0.0,0.006659639680874535,0.0,0.007843424479166666,0.0,0.0,5.551115123125783e-17,0.0,0.0,0.0,0.0,8.673617379884035e-19,0.0,0.0
CF3,L5,0.7,inpaint_ns,3,18.050625014186366,7.811543939067054,0.4609680348780342,0.13058784219927583,0.6768926000595092,0.3341302837338908,0.0,0.0066679068543696,0.0,0.007908528645833333,0.0,0.0,0.0,0.0,0.0,5.551115123125783e-17,0.0,0.0,0.0,0.0
CF3,L5,0.7,dictlearn,3,17.204280068861475,5.6734436270329525,0.441917616364148,0.11565836627815378,0.09962862973049696,0.037975584653848836,0.0,0.011479414797310407,0.0,0.015313585069444446,0.0058925937250893885,0.0037925864064414223,5.157280916934758e-05,0.0005099567915589424,0.0003103129485895381,0.0014528173396906176,0.0,4.599383367135197e-05,0.0,0.00011494568324723653
CF4,L1,0.05,csfr,3,39.300153573791725,9.86895130650083,0.9939711457719579,0.0030393300219171793,0.828537272910277,0.3993886869447354,0.0,0.02063037369051017,0.0,0.029222819010416668,0.0,0.0,0.0,0.0,0.0,0.0,0.0,0.0,0.0,0.0
CF4,L1,0.05,csfr_c1,3,35.0832221264883,8.599561494911317,0.9863716866894556,0.00786256769238241,0.793184571787715,0.3215773263306401,0.0,0.02094948753491432,0.0011588541666666668,0.030420735677083335,0.0,0.0,0.0,0.0,0.0,0.0,0.0,0.0,0.0,0.0
CF4,L1,0.05,csfr_c1c2,3,38.27202273489142,9.615259734933465,0.9920125492853794,0.00670110409170092,0.7426524214694897,0.3866893480452381,0.0,0.020808118365724416,0.00027587890625,0.029689127604166667,0.0,0.0,1.1102230246251565e-16,8.673617379884035e-19,0.0,0.0,0.0,0.0,0.0,0.0
CF4,L1,0.05,csfr_c1c3,3,35.28247484955499,8.653061620689286,0.9868241235953091,0.007316994535732787,0.7787419600784778,0.3179943268363979,0.0,0.020924272651415474,0.0,0.030423990885416665,0.0,0.0,0.0,0.0,0.0,0.0,0.0,0.0,0.0,0.0
CF4,L1,0.05,csfr_c1c4,3,33.719707653359876,9.537396119814275,0.9855018450086804,0.008943180695764118,0.9130565790086984,0.40017849517640564,0.0,0.021461640279352046,0.0019352213541666667,0.028719075520833335,0.0,0.0,1.1102230246251565e-16,0.0,0.0,0.0,0.0,0.0,0.0,0.0
CF4,L1,0.05,zero_fill,3,22.26793852310748,8.568849721971086,0.9600724859941746,0.010817688697990742,3.2824823644757273,2.735956254018275,0.0,0.02594948740346202,0.0,0.0347216796875,0.0,0.0,0.0,0.0,0.0,0.0,0.0,0.0,0.0,0.0
CF4,L1,0.05,bilinear,3,22.26793852310748,8.568849721971086,0.9600724859941746,0.010817688697990742,3.2824823644757273,2.735956254018275,0.0,0.02594948740346202,0.0,0.0347216796875,0.0,0.0,0.0,0.0,0.0,0.0,0.0,0.0,0.0,0.0
CF4,L1,0.05,inpaint_telea,3,39.1941516116947,10.445008784433616,0.9936376026630119,0.002929348069782922,0.8321249628067017,0.39227663034217325,0.0,0.02056836969180343,0.0,0.029339192708333333,0.0,0.0,1.1102230246251565e-16,0.0,0.0,5.551115123125783e-17,0.0,0.0,0.0,0.0
CF4,L1,0.05,inpaint_ns,3,39.50152996459152,10.731471476885181,0.993948703077356,0.0031227141973997423,0.8413628402849037,0.3926657298174967,0.0,0.02057415676419623,0.0,0.029275716145833335,0.0,0.0,0.0,4.336808689942018e-19,1.1102230246251565e-16,0.0,0.0,0.0,0.0,3.469446951953614e-18
CF4,L1,0.05,dictlearn,3,35.648938118095764,9.443833246352781,0.9884499673197523,0.004729203690346752,0.9063782961501016,0.40687198228410537,0.0,0.021919367315858838,0.0,0.031654730902777775,0.04381402914873886,0.46807327407776744,0.00012942748613865168,1.0566130292341357e-05,0.003033859897828365,0.003782060466434363,0.0,2.040819433488653e-05,0.0,0.0001299917043808624
CF4,L2,0.15,csfr,3,24.095803219094808,9.004268927810802,0.8975800264634287,0.03487477037154092,1.3613814654946328,1.4995785400040853,0.0,0.018548280432102427,0.0,0.025177408854166666,0.0,0.0,1.1102230246251565e-16,0.0,0.0,0.0,0.0,0.0,0.0,0.0
CF4,L2,0.15,csfr_c1,3,23.98049082851692,8.041266396587293,0.8900030928665857,0.03026063138574543,1.1511650922894479,0.9733965317965149,0.0,0.01915095905123356,0.010140787760416667,0.028504231770833333,0.0,0.0,0.0,3.469446951953614e-18,0.0,0.0,0.0,0.0,0.0,0.0
CF4,L2,0.15,csfr_c1c2,3,23.387771400651598,9.027223929900778,0.8908967982743555,0.035553321395851184,1.4886330039799214,1.6857779046987835,0.0,0.020386491500830745,0.0007731119791666666,0.0269775390625,0.0,0.0,0.0,0.0,0.0,0.0,0.0,0.0,0.0,0.0
CF4,L2,0.15,csfr_c1c3,3,24.584214731761307,7.804858974050798,0.8925767052661913,0.029687967570340663,1.0423358984788258,0.9433469884413501,0.0,0.018945105899765623,0.0,0.02845458984375,0.0,0.0,0.0,3.469446951953614e-18,0.0,0.0,0.0,0.0,0.0,0.0
CF4,L2,0.15,csfr_c1c4,3,23.29896359216465,8.360782073042918,0.8897648394821663,0.03028575531785964,1.342153816620509,1.294325181326038,0.0,0.021492228896143693,0.013492838541666668,0.024229329427083335,0.0,0.0,1.1102230246251565e-16,0.0,0.0,0.0,0.0,0.0,1.734723475976807e-18,0.0
CF4,L2,0.15,zero_fill,3,16.80872668527194,8.200668800194647,0.8444868629206935,0.0219715529042037,3.345215217073759,2.7700946378805416,0.0,0.023619378380293102,0.0,0.030478515624999997,0.0,0.0,1.1102230246251565e-16,0.0,4.440892098500626e-16,0.0,0.0,0.0,0.0,3.469446951953614e-18
CF4,L2,0.15,bilinear,3,16.80872668527194,8.200668800194647,0.8444868629206935,0.0219715529042037,3.345215217073759,2.7700946378805416,0.0,0.023619378380293102,0.0,0.030478515624999997,0.0,0.0,1.1102230246251565e-16,0.0,4.440892098500626e-16,0.0,0.0,0.0,0.0,3.469446951953614e-18
CF4,L2,0.15,inpaint_telea,3,30.274258462529165,10.113578626184626,0.9277347620968355,0.02615754092078262,0.8459108309944471,0.4394453565606307,0.0,0.018172123046921722,0.0,0.02520182291666667,0.0,0.0,0.0,0.0,0.0,5.551115123125783e-17,0.0,0.0,0.0,0.0
CF4,L2,0.15,inpaint_ns,3,30.661158627567122,11.126693108378845,0.9292684052714102,0.027533599754886867,0.8626229645808537,0.43936460481465067,0.0,0.01817791008516603,0.0,0.025194498697916668,0.0,0.0,0.0,0.0,0.0,0.0,0.0,0.0,0.0,0.0
CF4,L2,0.15,dictlearn,3,25.39127893575399,6.359636051486579,0.8959448411903264,0.019731580424626836,0.18205796412709688,0.08219266218996425,0.0,0.020543981493263145,0.0,0.02836154513888889,0.01148159802092264,0.010899371259531205,0.000240933929924188,0.00025991019439194316,0.0006846319912835287,0.001599955689799506,0.0,1.1937461789283639e-05,0.0,3.794059783815157e-05
CF4,L3,0.3,csfr,3,17.061525428170143,7.342153812534062,0.7556413207344758,0.053014549709601594,2.5981454840302467,5.409411996450597,0.0,0.01524925598501189,0.0,0.019306640625,0.0,8.881784197001252e-16,0.0,0.0,0.0,0.0,0.0,0.0,0.0,0.0
CF4,L3,0.3,csfr_c1,3,16.602855049302143,5.6411163491629175,0.7374263349449888,0.03839770640853723,2.4447847777605056,5.45648347942792,0.0,0.015601025142968865,0.034960123697916665,0.025410970052083332,0.0,0.0,0.0,0.0,0.0,0.0,0.0,0.0,0.0,0.0
CF4,L3,0.3,csfr_c1c2,3,16.833551059201294,7.347023262734804,0.7487423702225798,0.05488804970284559,2.690991136382023,5.635851883309164,0.0,0.016872933229412107,0.0010148111979166666,0.021243489583333334,0.0,0.0,0.0,0.0,4.440892098500626e-16,0.0,0.0,0.0,0.0,0.0
CF4,L3,0.3,csfr_c1c3,3,17.88675800303498,5.667542942743048,0.7474712498638332,0.04030206933166993,2.132294000585874,5.394489128491929,0.0,0.015350115816060377,0.0,0.02527099609375,0.0,0.0,0.0,0.0,0.0,0.0,0.0,0.0,0.0,0.0
CF4,L3,0.3,csfr_c1c4,3,16.468643178295295,5.706073575092787,0.7374666624435594,0.037330792261142366,2.4666773265600206,5.495805450009475,0.0,0.018496197089940932,0.038414713541666666,0.018094075520833332,0.0,0.0,0.0,0.0,0.0,0.0,0.0,0.0,0.0,0.0
CF4,L3,0.3,zero_fill,3,13.837337207404731,7.644898548346951,0.6913181031513179,0.034009929838281105,3.9263932754596076,7.44173097372601,0.0,0.020041335986655515,0.0,0.02497314453125,0.0,0.0,1.1102230246251565e-16,0.0,0.0,0.0,0.0,0.0,0.0,0.0
CF4,L3,0.3,bilinear,3,13.837337207404731,7.644898548346951,0.6913181031513179,0.034009929838281105,3.9263932754596076,7.44173097372601,0.0,0.020041335986655515,0.0,0.02497314453125,0.0,0.0,1.1102230246251565e-16,0.0,0.0,0.0,0.0,0.0,0.0,0.0
CF4,L3,0.3,inpaint_telea,3,25.214883104440403,8.935448393298454,0.8162803137337414,0.05697076614971516,0.7943844864765803,0.37047340684263497,0.0,0.01467675271439172,0.0,0.01936279296875,0.0,0.0,0.0,0.0,0.0,0.0,0.0,0.0,0.0,0.0
CF4,L3,0.3,inpaint_ns,3,25.436502334277737,9.498697661627308,0.81946658053912,0.059894692063666675,0.8078891005615393,0.36553199178192397,0.0,0.014678819507001511,0.0,0.019313151041666667,3.552713678800501e-15,0.0,0.0,6.938893903907228e-18,0.0,0.0,0.0,0.0,0.0,0.0
CF4,L3,0.3,dictlearn,3,22.05286254337338,6.3611328116199495,0.7787564739949407,0.04349041022147921,0.14280772241039408,0.06371046412577376,0.0,0.017528246315357845,0.0,0.02369167751736111,0.009025692410441512,0.0008527630921840544,0.0003782892887443884,0.00028540986794376295,0.0008815357621020544,0.0011285777196498917,0.0,1.8229541744390058e-05,0.0,3.908698174279047e-05
CF4,L4,0.5,csfr,3,12.921735087035929,5.709900085457437,0.5424273482467237,0.07392896182217425,3.413318484326204,6.398028326896688,0.0,0.011065641616636033,0.0,0.012399088541666667,0.0,0.0,0.0,0.0,0.0,0.0,0.0,0.0,0.0,0.0
CF4,L4,0.5,csfr_c1,3,12.195221681187016,4.450929077403806,0.5071610000197857,0.03930074826432842,3.5165027107795077,6.584886850505222,0.0,0.011941964347643079,0.12701416015625,0.02171875,1.7763568394002505e-15,0.0,0.0,0.0,4.440892098500626e-16,0.0,0.0,0.0,0.0,0.0
CF4,L4,0.5,csfr_c1c2,3,12.739714628344437,5.735025215112582,0.5326462489548398,0.07597722675566085,3.528947892934084,6.638163713605581,0.0,0.01339244385123796,0.001181640625,0.015089518229166666,0.0,0.0,0.0,0.0,0.0,8.881784197001252e-16,0.0,0.0,0.0,0.0
CF4,L4,0.5,csfr_c1c3,3,13.602408052126037,4.611334160835332,0.5310721617086613,0.04907944664196059,3.073792482713858,6.553118401749642,0.0,0.011407903468110209,0.0,0.0212890625,0.0,0.0,0.0,6.938893903907228e-18,4.440892098500626e-16,0.0,0.0,1.734723475976807e-18,0.0,0.0
CF4,L4,0.5,csfr_c1c4,3,12.140445063472283,4.450256316200564,0.5113946616965976,0.038831001915567986,3.4987440174818034,6.5348168950775,0.0,0.016202050372909678,0.12699300130208332,0.011059570312499998,0.0,0.0,0.0,0.0,4.440892098500626e-16,8.881784197001252e-16,0.0,0.0,0.0,1.734723475976807e-18
CF4,L4,0.5,zero_fill,3,11.288109386485255,6.57699497121241,0.46792947876068763,0.04843389179942136,4.305196288327376,7.644336973091517,0.0,0.015701058312794582,0.0,0.0167333984375,0.0,8.881784197001252e-16,5.551115123125783e-17,0.0,0.0,0.0,0.0,0.0,0.0,0.0
CF4,L4,0.5,bilinear,3,11.288109386485255,6.57699497121241,0.46792947876068763,0.04843389179942136,4.305196288327376,7.644336973091517,0.0,0.015701058312794582,0.0,0.0167333984375,0.0,8.881784197001252e-16,5.551115123125783e-17,0.0,0.0,0.0,0.0,0.0,0.0,0.0
CF4,L4,0.5,inpaint_telea,3,21.042496792022646,8.211438992186805,0.6474167850937494,0.09540801455180252,0.7499227051685254,0.37088176604745177,0.0,0.010192625746761526,0.0,0.012484537760416666,0.0,0.0,0.0,1.3877787807814457e-17,1.1102230246251565e-16,0.0,0.0,0.0,0.0,0.0
CF4,L4,0.5,inpaint_ns,3,21.120444701491834,8.459993323366088,0.6504368535809711,0.09695949704528493,0.7552225699524083,0.3446099035364707,0.0,0.010194692528505887,0.0,0.012434895833333333,0.0,0.0,0.0,0.0,1.1102230246251565e-16,0.0,0.0,0.0,0.0,0.0
CF4,L4,0.5,dictlearn,3,19.174509913250283,5.939386411216925,0.6014166442192724,0.08205610346696654,0.0,0.0,0.0,0.011481894884830883,0.0,0.013832194010416667,0.0,0.0,0.0,0.0,0.0,0.0,0.0,0.0,0.0,0.0
CF4,L5,0.7,csfr,3,10.627802696876394,4.8678305915841245,0.32604705395649797,0.08368170159014797,4.20726056834062,7.509883392372754,0.0,0.006968006042443448,0.0,0.006375325520833333,0.0,0.0,0.0,0.0,0.0,0.0,0.0,8.673617379884035e-19,0.0,0.0
CF4,L5,0.7,csfr_c1,3,9.73377358726831,3.889213467819472,0.2722133934358964,0.034201351184215696,4.572651591300964,8.053380107829913,0.0,0.007894758666370762,0.2920068359375,0.018277994791666665,0.0,0.0,0.0,0.0,0.0,0.0,0.0,0.0,0.0,0.0
CF4,L5,0.7,csfr_c1c2,3,10.508578826943307,4.922760266236776,0.31708367295143525,0.08643605052251872,4.289079034626484,7.672642854104777,0.0,0.00842055231774187,0.0018684895833333333,0.008295084635416667,0.0,0.0,0.0,0.0,0.0,8.881784197001252e-16,0.0,0.0,0.0,0.0
CF4,L5,0.7,csfr_c1c3,3,11.194076911680208,4.1494832497018725,0.31522685327910666,0.05847630483663279,3.922976880172888,7.557232666976067,0.0,0.007064732272168233,0.0,0.016676432291666668,1.7763568394002505e-15,0.0,0.0,0.0,4.440892098500626e-16,0.0,0.0,0.0,0.0,0.0
CF4,L5,0.7,csfr_c1c4,3,9.663777526617025,3.9234896717672854,0.27547510379828644,0.034025635268302774,4.577531369924546,8.033383105493783,0.0,0.0123937665913157,0.29490804036458335,0.004874674479166666,0.0,0.0,0.0,0.0,0.0,0.0,0.0,1.734723475976807e-18,0.0,0.0
CF4,L5,0.7,zero_fill,3,9.6086884560522,6.328540517002203,0.2450524834393987,0.0592220494383533,4.979195813039938,8.748300672209615,0.0,0.011790261418888498,0.0,0.0123046875,0.0,0.0,2.7755575615628914e-17,0.0,0.0,0.0,0.0,1.734723475976807e-18,0.0,0.0
CF4,L5,0.7,bilinear,3,9.6086884560522,6.328540517002203,0.2450524834393987,0.0592220494383533,4.979195813039938,8.748300672209615,0.0,0.011790261418888498,0.0,0.0123046875,0.0,0.0,2.7755575615628914e-17,0.0,0.0,0.0,0.0,1.734723475976807e-18,0.0,0.0
CF4,L5,0.7,inpaint_telea,3,18.229165569179564,6.383591655141402,0.47237642796783924,0.12371314867448081,0.7731061731775601,0.46955666530326806,0.0,0.006236772567256897,0.0,0.006617024739583334,0.0,0.0,5.551115123125783e-17,0.0,0.0,0.0,0.0,0.0,0.0,8.673617379884035e-19
CF4,L5,0.7,inpaint_ns,3,18.21659842565965,6.622349677406611,0.4760666483369059,0.12892277999748136,0.7427193808058897,0.3313873502662327,0.0,0.006242972962160517,0.0,0.0065869140625,0.0,0.0,0.0,0.0,0.0,0.0,0.0,0.0,0.0,0.0
CF4,L5,0.7,dictlearn,3,17.280353765474853,5.670374037297168,0.438321070890358,0.11555983459173741,0.10349886901055773,0.052372626974032756,0.0,0.011044560286762942,0.0,0.013108995225694442,0.01481723807627612,0.0187074729585161,0.00041242486339822216,0.0003331692461250427,0.0013437475106753735,0.001554835159786896,0.0,9.176775043299682e-05,0.0,0.0001481422824934665
