patch_id,seed,family,level,frac,method,true_label,prediction,confidence,correct,bounded_unknown,isolated_missing_frac,mask_overlap_centre,centre_erased_frac
17222,0,CF4,L1,0.05,bilinear,8,8,0.9315768480300903,1,False,0.5,0.0,0.0
7987,0,CF4,L1,0.05,bilinear,4,4,0.3414413332939148,1,False,0.5,0.0,0.0
14403,0,CF4,L1,0.05,bilinear,1,1,0.7612574100494385,1,False,0.5,0.0,0.0
12904,0,CF4,L1,0.05,bilinear,1,1,0.7882074117660522,1,False,0.5,0.0,0.0
1024,0,CF4,L1,0.05,bilinear,2,2,0.8014635443687439,1,False,0.5,0.0,0.0
15700,0,CF4,L1,0.05,bilinear,3,0,0.9999997615814209,0,False,0.5,0.0,0.0
12639,0,CF4,L1,0.05,bilinear,7,7,0.5099388957023621,1,False,0.5,0.0,0.0
20658,0,CF4,L1,0.05,bilinear,4,2,0.5908893942832947,0,False,0.5,0.0,0.0
2642,0,CF4,L1,0.05,bilinear,7,1,0.5155028104782104,0,False,0.5,0.0,0.0
9392,0,CF4,L1,0.05,bilinear,9,9,0.8149062395095825,1,False,0.5,0.0,0.0
23357,0,CF4,L1,0.05,bilinear,5,6,0.7751705646514893,0,False,0.5,0.0,0.0
15977,0,CF4,L1,0.05,bilinear,0,0,0.7581120133399963,1,False,0.5,0.0,0.0
10440,0,CF4,L1,0.05,bilinear,0,0,0.9998310804367065,1,False,0.5,0.0,0.0
14216,0,CF4,L1,0.05,bilinear,3,1,0.8577289581298828,0,False,0.5,0.0,0.0
18353,0,CF4,L1,0.05,bilinear,7,7,0.5953335165977478,1,False,0.5,0.0,0.0
17404,0,CF4,L1,0.05,bilinear,3,2,0.8817723393440247,0,False,0.5,0.0,0.0
8424,0,CF4,L1,0.05,bilinear,8,2,0.4709675908088684,0,False,0.5,0.0,0.0
4744,0,CF4,L1,0.05,bilinear,8,6,0.5303183794021606,0,False,0.5,0.0,0.0
18797,0,CF4,L1,0.05,bilinear,7,7,0.9878045320510864,1,False,0.5,0.0,0.0
3156,0,CF4,L1,0.05,bilinear,7,7,0.925504207611084,1,False,0.5,0.0,0.0
17024,0,CF4,L1,0.05,bilinear,2,2,0.952377200126648,1,False,0.5,0.0,0.0
7807,0,CF4,L1,0.05,bilinear,8,8,0.972694993019104,1,False,0.5,0.0,0.0
138,0,CF4,L1,0.05,bilinear,0,0,0.9985242486000061,1,False,0.5,0.0,0.0
20222,0,CF4,L1,0.05,bilinear,2,2,0.9999953508377075,1,False,0.5,0.0,0.0
24734,0,CF4,L1,0.05,bilinear,9,0,0.8677144050598145,0,False,0.5,0.0,0.0
8909,0,CF4,L1,0.05,bilinear,0,0,0.9738502502441406,1,False,0.5,0.0,0.0
4684,0,CF4,L1,0.05,bilinear,1,1,0.9993832111358643,1,False,0.5,0.0,0.0
15978,0,CF4,L1,0.05,bilinear,6,6,0.6901786923408508,1,False,0.5,0.0,0.0
21495,0,CF4,L1,0.05,bilinear,7,2,0.2964029908180237,0,False,0.5,0.0,0.0
5107,0,CF4,L1,0.05,bilinear,6,1,0.796367347240448,0,False,0.5,0.0,0.0
1914,0,CF4,L1,0.05,bilinear,2,2,0.9030462503433228,1,False,0.5,0.0,0.0
21307,0,CF4,L1,0.05,bilinear,1,1,0.9999960660934448,1,False,0.5,0.0,0.0
7178,0,CF4,L1,0.05,bilinear,4,0,0.3537813425064087,0,False,0.5,0.0,0.0
13264,0,CF4,L1,0.05,bilinear,4,6,0.3616081774234772,0,False,0.5,0.0,0.0
21507,0,CF4,L1,0.05,bilinear,1,1,0.9996328353881836,1,False,0.5,0.0,0.0
8399,0,CF4,L1,0.05,bilinear,9,2,0.7492578625679016,0,False,0.5,0.0,0.0
4384,0,CF4,L1,0.05,bilinear,0,0,0.9997170567512512,1,False,0.5,0.0,0.0
5820,0,CF4,L1,0.05,bilinear,0,1,0.93085116147995,0,False,0.5,0.0,0.0
22865,0,CF4,L1,0.05,bilinear,0,0,0.9747506976127625,1,False,0.5,0.0,0.0
65,0,CF4,L1,0.05,bilinear,0,0,0.6908150911331177,1,False,0.5,0.0,0.0
15494,0,CF4,L1,0.05,bilinear,6,6,0.5613803863525391,1,False,0.5,0.0,0.0
2327,0,CF4,L1,0.05,bilinear,5,5,0.9606304168701172,1,False,0.5,0.0,0.0
24596,0,CF4,L1,0.05,bilinear,7,6,0.7526735663414001,0,False,0.5,0.0,0.0
3825,0,CF4,L1,0.05,bilinear,5,5,0.5989421010017395,1,False,0.5,0.0,0.0
17168,0,CF4,L1,0.05,bilinear,7,7,0.8620477914810181,1,False,0.5,0.0,0.0
4357,0,CF4,L1,0.05,bilinear,3,3,0.47438985109329224,1,False,0.5,0.0,0.0
2364,0,CF4,L1,0.05,bilinear,9,2,0.8955650925636292,0,False,0.5,0.0,0.0
8703,0,CF4,L1,0.05,bilinear,9,9,0.9728382229804993,1,False,0.5,0.0,0.0
19390,0,CF4,L1,0.05,bilinear,9,9,0.8428152799606323,1,False,0.5,0.0,0.0
17853,0,CF4,L1,0.05,bilinear,6,1,0.3157775104045868,0,False,0.5,0.0,0.0
4930,0,CF4,L1,0.05,bilinear,4,1,0.9632049798965454,0,False,0.5,0.0,0.0
5314,0,CF4,L1,0.05,bilinear,8,8,0.8049127459526062,1,False,0.5,0.0,0.0
4478,0,CF4,L1,0.05,bilinear,8,8,0.919582188129425,1,False,0.5,0.0,0.0
23679,0,CF4,L1,0.05,bilinear,4,1,0.9685511589050293,0,False,0.5,0.0,0.0
5449,0,CF4,L1,0.05,bilinear,1,1,0.9626491069793701,1,False,0.5,0.0,0.0
24183,0,CF4,L1,0.05,bilinear,0,0,0.9659087061882019,1,False,0.5,0.0,0.0
20842,0,CF4,L1,0.05,bilinear,3,3,0.9771419167518616,1,False,0.5,0.0,0.0
18825,0,CF4,L1,0.05,bilinear,9,0,0.8396099805831909,0,False,0.5,0.0,0.0
6265,0,CF4,L1,0.05,bilinear,1,1,0.902389645576477,1,False,0.5,0.0,0.0
24932,0,CF4,L1,0.05,bilinear,4,2,0.662394106388092,0,False,0.5,0.0,0.0
14427,0,CF4,L1,0.05,bilinear,8,2,0.68141770362854,0,False,0.5,0.0,0.0
3740,0,CF4,L1,0.05,bilinear,7,7,0.9551647305488586,1,False,0.5,0.0,0.0
16809,0,CF4,L1,0.05,bilinear,9,2,0.887844443321228,0,False,0.5,0.0,0.0
1136,0,CF4,L1,0.05,bilinear,1,1,0.9831408262252808,1,False,0.5,0.0,0.0
25757,0,CF4,L1,0.05,bilinear,5,5,0.976582944393158,1,False,0.5,0.0,0.0
7356,0,CF4,L1,0.05,bilinear,4,1,0.5214902758598328,0,False,0.5,0.0,0.0
12298,0,CF4,L1,0.05,bilinear,0,0,0.9951505661010742,1,False,0.5,0.0,0.0
5700,0,CF4,L1,0.05,bilinear,3,3,0.4098385274410248,1,False,0.5,0.0,0.0
22753,0,CF4,L1,0.05,bilinear,6,6,0.6388678550720215,1,False,0.5,0.0,0.0
16813,0,CF4,L1,0.05,bilinear,6,8,0.4871969521045685,0,False,0.5,0.0,0.0
7373,0,CF4,L1,0.05,bilinear,8,8,0.5332478880882263,1,False,0.5,0.0,0.0
20149,0,CF4,L1,0.05,bilinear,2,2,0.9865890741348267,1,False,0.5,0.0,0.0
15874,0,CF4,L1,0.05,bilinear,9,9,0.9907079935073853,1,False,0.5,0.0,0.0
26011,0,CF4,L1,0.05,bilinear,0,0,0.9086137413978577,1,False,0.5,0.0,0.0
4196,0,CF4,L1,0.05,bilinear,9,2,0.7477406859397888,0,False,0.5,0.0,0.0
11227,0,CF4,L1,0.05,bilinear,3,1,0.7879026532173157,0,False,0.5,0.0,0.0
15736,0,CF4,L1,0.05,bilinear,3,3,0.8721924424171448,1,False,0.5,0.0,0.0
6339,0,CF4,L1,0.05,bilinear,6,6,0.5791531205177307,1,False,0.5,0.0,0.0
25704,0,CF4,L1,0.05,bilinear,2,2,0.9612189531326294,1,False,0.5,0.0,0.0
3190,0,CF4,L1,0.05,bilinear,7,7,0.4609072506427765,1,False,0.5,0.0,0.0
737,0,CF4,L1,0.05,bilinear,4,4,0.7350611686706543,1,False,0.5,0.0,0.0
22875,0,CF4,L1,0.05,bilinear,9,0,0.4757654070854187,0,False,0.5,0.0,0.0
22749,0,CF4,L1,0.05,bilinear,3,3,0.7687116861343384,1,False,0.5,0.0,0.0
22998,0,CF4,L1,0.05,bilinear,3,3,0.7210658192634583,1,False,0.5,0.0,0.0
24210,0,CF4,L1,0.05,bilinear,5,5,0.8549240827560425,1,False,0.5,0.0,0.0
6800,0,CF4,L1,0.05,bilinear,4,2,0.6486998200416565,0,False,0.5,0.0,0.0
16602,0,CF4,L1,0.05,bilinear,9,9,0.39184099435806274,1,False,0.5,0.0,0.0
10822,0,CF4,L1,0.05,bilinear,6,6,0.7913487553596497,1,False,0.5,0.0,0.0
12822,0,CF4,L1,0.05,bilinear,1,1,0.999962329864502,1,False,0.5,0.0,0.0
12758,0,CF4,L1,0.05,bilinear,5,5,0.9409804940223694,1,False,0.5,0.0,0.0
21144,0,CF4,L1,0.05,bilinear,4,4,0.9260889291763306,1,False,0.5,0.0,0.0
4900,0,CF4,L1,0.05,bilinear,6,6,0.5300697684288025,1,False,0.5,0.0,0.0
22888,0,CF4,L1,0.05,bilinear,9,9,0.9465823173522949,1,False,0.5,0.0,0.0
19935,0,CF4,L1,0.05,bilinear,9,9,0.5433287024497986,1,False,0.5,0.0,0.0
21896,0,CF4,L1,0.05,bilinear,7,7,0.6981514692306519,1,False,0.5,0.0,0.0
3475,0,CF4,L1,0.05,bilinear,3,3,0.672367513179779,1,False,0.5,0.0,0.0
16171,0,CF4,L1,0.05,bilinear,0,0,0.999955415725708,1,False,0.5,0.0,0.0
4672,0,CF4,L1,0.05,bilinear,4,7,0.8505204319953918,0,False,0.5,0.0,0.0
10146,0,CF4,L1,0.05,bilinear,2,2,0.9999399185180664,1,False,0.5,0.0,0.0
9207,0,CF4,L1,0.05,bilinear,7,7,0.6760832667350769,1,False,0.5,0.0,0.0
17745,0,CF4,L1,0.05,bilinear,9,2,0.9997634291648865,0,False,0.5,0.0,0.0
432,0,CF4,L1,0.05,bilinear,7,7,0.8539784550666809,1,False,0.5,0.0,0.0
6608,0,CF4,L1,0.05,bilinear,4,4,0.9845597743988037,1,False,0.5,0.0,0.0
25769,0,CF4,L1,0.05,bilinear,9,9,0.9978957176208496,1,False,0.5,0.0,0.0
14774,0,CF4,L1,0.05,bilinear,3,3,0.7890630960464478,1,False,0.5,0.0,0.0
21627,0,CF4,L1,0.05,bilinear,4,4,0.9033542275428772,1,False,0.5,0.0,0.0
8133,0,CF4,L1,0.05,bilinear,2,2,0.9999512434005737,1,False,0.5,0.0,0.0
12554,0,CF4,L1,0.05,bilinear,4,4,0.9759616255760193,1,False,0.5,0.0,0.0
10856,0,CF4,L1,0.05,bilinear,1,1,0.9968487620353699,1,False,0.5,0.0,0.0
15931,0,CF4,L1,0.05,bilinear,3,3,0.9881730675697327,1,False,0.5,0.0,0.0
2367,0,CF4,L1,0.05,bilinear,2,2,0.6927184462547302,1,False,0.5,0.0,0.0
25563,0,CF4,L1,0.05,bilinear,7,2,0.6600002646446228,0,False,0.5,0.0,0.0
6748,0,CF4,L1,0.05,bilinear,2,2,0.9886888861656189,1,False,0.5,0.0,0.0
5368,0,CF4,L1,0.05,bilinear,8,8,0.9825751781463623,1,False,0.5,0.0,0.0
25951,0,CF4,L1,0.05,bilinear,6,6,0.9813248515129089,1,False,0.5,0.0,0.0
22082,0,CF4,L1,0.05,bilinear,7,7,0.9691175818443298,1,False,0.5,0.0,0.0
19301,0,CF4,L1,0.05,bilinear,4,4,0.9877815246582031,1,False,0.5,0.0,0.0
13302,0,CF4,L1,0.05,bilinear,4,4,0.815871000289917,1,False,0.5,0.0,0.0
15358,0,CF4,L1,0.05,bilinear,0,0,0.9314701557159424,1,False,0.5,0.0,0.0
23572,0,CF4,L1,0.05,bilinear,2,2,0.9162765741348267,1,False,0.5,0.0,0.0
14736,0,CF4,L1,0.05,bilinear,4,4,0.9827203750610352,1,False,0.5,0.0,0.0
16685,0,CF4,L1,0.05,bilinear,2,2,0.959401547908783,1,False,0.5,0.0,0.0
21902,0,CF4,L1,0.05,bilinear,7,1,0.8113674521446228,0,False,0.5,0.0,0.0
6713,0,CF4,L1,0.05,bilinear,5,6,0.5797185897827148,0,False,0.5,0.0,0.0
8771,0,CF4,L1,0.05,bilinear,4,4,0.9788480997085571,1,False,0.5,0.0,0.0
20264,0,CF4,L1,0.05,bilinear,3,6,0.5378658175468445,0,False,0.5,0.0,0.0
24489,0,CF4,L1,0.05,bilinear,1,1,0.9999964237213135,1,False,0.5,0.0,0.0
24852,0,CF4,L1,0.05,bilinear,1,1,0.8049389719963074,1,False,0.5,0.0,0.0
6746,0,CF4,L1,0.05,bilinear,1,1,0.9785357117652893,1,False,0.5,0.0,0.0
5951,0,CF4,L1,0.05,bilinear,5,1,0.532007098197937,0,False,0.5,0.0,0.0
6438,0,CF4,L1,0.05,bilinear,4,4,0.999051034450531,1,False,0.5,0.0,0.0
11126,0,CF4,L1,0.05,bilinear,9,6,0.5233526229858398,0,False,0.5,0.0,0.0
24241,0,CF4,L1,0.05,bilinear,3,3,0.9128018617630005,1,False,0.5,0.0,0.0
23621,0,CF4,L1,0.05,bilinear,6,6,0.7738160490989685,1,False,0.5,0.0,0.0
14358,0,CF4,L1,0.05,bilinear,6,6,0.6208729147911072,1,False,0.5,0.0,0.0
19003,0,CF4,L1,0.05,bilinear,6,6,0.8241517543792725,1,False,0.5,0.0,0.0
3760,0,CF4,L1,0.05,bilinear,9,2,0.7886815071105957,0,False,0.5,0.0,0.0
1155,0,CF4,L1,0.05,bilinear,5,5,0.9969943761825562,1,False,0.5,0.0,0.0
22044,0,CF4,L1,0.05,bilinear,8,1,0.3355075418949127,0,False,0.5,0.0,0.0
17521,0,CF4,L1,0.05,bilinear,4,4,0.7524847984313965,1,False,0.5,0.0,0.0
15177,0,CF4,L1,0.05,bilinear,9,2,0.6266656517982483,0,False,0.5,0.0,0.0
21080,0,CF4,L1,0.05,bilinear,0,0,0.9983515739440918,1,False,0.5,0.0,0.0
4507,0,CF4,L1,0.05,bilinear,5,5,0.7665867209434509,1,False,0.5,0.0,0.0
10600,0,CF4,L1,0.05,bilinear,7,7,0.9818344712257385,1,False,0.5,0.0,0.0
11754,0,CF4,L1,0.05,bilinear,1,1,0.9998636245727539,1,False,0.5,0.0,0.0
22934,0,CF4,L1,0.05,bilinear,4,4,0.969164252281189,1,False,0.5,0.0,0.0
19094,0,CF4,L1,0.05,bilinear,3,3,0.990131139755249,1,False,0.5,0.0,0.0
25246,0,CF4,L1,0.05,bilinear,7,7,0.826577365398407,1,False,0.5,0.0,0.0
14745,0,CF4,L1,0.05,bilinear,2,2,0.9999431371688843,1,False,0.5,0.0,0.0
3177,0,CF4,L1,0.05,bilinear,8,9,0.5738061666488647,0,False,0.5,0.0,0.0
13870,0,CF4,L1,0.05,bilinear,5,6,0.5347913503646851,0,False,0.5,0.0,0.0
5605,0,CF4,L1,0.05,bilinear,6,6,0.9282423853874207,1,False,0.5,0.0,0.0
5202,0,CF4,L1,0.05,bilinear,8,8,0.9948996901512146,1,False,0.5,0.0,0.0
8800,0,CF4,L1,0.05,bilinear,5,5,0.9956763386726379,1,False,0.5,0.0,0.0
645,0,CF4,L1,0.05,bilinear,3,3,0.9897863864898682,1,False,0.5,0.0,0.0
16077,0,CF4,L1,0.05,bilinear,5,5,0.9898654818534851,1,False,0.5,0.0,0.0
15336,0,CF4,L1,0.05,bilinear,5,5,0.8271079063415527,1,False,0.5,0.0,0.0
20933,0,CF4,L1,0.05,bilinear,0,0,0.9582613110542297,1,False,0.5,0.0,0.0
10580,0,CF4,L1,0.05,bilinear,8,8,0.8238832354545593,1,False,0.5,0.0,0.0
25902,0,CF4,L1,0.05,bilinear,6,6,0.9208325743675232,1,False,0.5,0.0,0.0
4666,0,CF4,L1,0.05,bilinear,8,8,0.9999361038208008,1,False,0.5,0.0,0.0
14541,0,CF4,L1,0.05,bilinear,4,4,0.9658015966415405,1,False,0.5,0.0,0.0
7374,0,CF4,L1,0.05,bilinear,5,5,0.7257705926895142,1,False,0.5,0.0,0.0
4697,0,CF4,L1,0.05,bilinear,5,0,0.5127579569816589,0,False,0.5,0.0,0.0
6317,0,CF4,L1,0.05,bilinear,5,5,0.46907976269721985,1,False,0.5,0.0,0.0
16623,0,CF4,L1,0.05,bilinear,6,6,0.7197412848472595,1,False,0.5,0.0,0.0
16511,0,CF4,L1,0.05,bilinear,6,9,0.34110692143440247,0,False,0.5,0.0,0.0
16162,0,CF4,L1,0.05,bilinear,3,9,0.5268599390983582,0,False,0.5,0.0,0.0
5989,0,CF4,L1,0.05,bilinear,1,1,0.9844114184379578,1,False,0.5,0.0,0.0
18753,0,CF4,L1,0.05,bilinear,5,5,0.9970961809158325,1,False,0.5,0.0,0.0
20853,0,CF4,L1,0.05,bilinear,4,4,0.8458440899848938,1,False,0.5,0.0,0.0
16556,0,CF4,L1,0.05,bilinear,0,0,0.8436152338981628,1,False,0.5,0.0,0.0
7019,0,CF4,L1,0.05,bilinear,9,9,0.8809493184089661,1,False,0.5,0.0,0.0
3090,0,CF4,L1,0.05,bilinear,6,6,0.9958571791648865,1,False,0.5,0.0,0.0
14680,0,CF4,L1,0.05,bilinear,3,3,0.7934370636940002,1,False,0.5,0.0,0.0
869,0,CF4,L1,0.05,bilinear,3,2,0.3543206453323364,0,False,0.5,0.0,0.0
7595,0,CF4,L1,0.05,bilinear,6,6,0.8497071266174316,1,False,0.5,0.0,0.0
14417,0,CF4,L1,0.05,bilinear,1,1,0.9942019581794739,1,False,0.5,0.0,0.0
13624,0,CF4,L1,0.05,bilinear,9,9,0.9827372431755066,1,False,0.5,0.0,0.0
21083,0,CF4,L1,0.05,bilinear,0,0,0.9993116855621338,1,False,0.5,0.0,0.0
7556,0,CF4,L1,0.05,bilinear,1,1,0.9986384510993958,1,False,0.5,0.0,0.0
9289,0,CF4,L1,0.05,bilinear,8,8,0.8323317170143127,1,False,0.5,0.0,0.0
19944,0,CF4,L1,0.05,bilinear,3,3,0.510481595993042,1,False,0.5,0.0,0.0
6057,0,CF4,L1,0.05,bilinear,1,1,0.9993106126785278,1,False,0.5,0.0,0.0
23029,0,CF4,L1,0.05,bilinear,8,0,0.735099196434021,0,False,0.5,0.0,0.0
23668,0,CF4,L1,0.05,bilinear,5,5,0.9282732605934143,1,False,0.5,0.0,0.0
13115,0,CF4,L1,0.05,bilinear,8,8,0.981340765953064,1,False,0.5,0.0,0.0
20635,0,CF4,L1,0.05,bilinear,3,3,0.37135398387908936,1,False,0.5,0.0,0.0
4281,0,CF4,L1,0.05,bilinear,4,4,0.8312472105026245,1,False,0.5,0.0,0.0
4139,0,CF4,L1,0.05,bilinear,9,2,0.8303417563438416,0,False,0.5,0.0,0.0
10652,0,CF4,L1,0.05,bilinear,1,1,0.9634726047515869,1,False,0.5,0.0,0.0
700,0,CF4,L1,0.05,bilinear,1,1,0.9998670816421509,1,False,0.5,0.0,0.0
5772,0,CF4,L1,0.05,bilinear,3,1,0.45265597105026245,0,False,0.5,0.0,0.0
8114,0,CF4,L1,0.05,bilinear,9,9,0.8089637160301208,1,False,0.5,0.0,0.0
5964,0,CF4,L1,0.05,bilinear,6,6,0.7002913951873779,1,False,0.5,0.0,0.0
17278,0,CF4,L1,0.05,bilinear,7,7,0.6836438179016113,1,False,0.5,0.0,0.0
9961,0,CF4,L1,0.05,bilinear,0,0,0.5641583204269409,1,False,0.5,0.0,0.0
25974,0,CF4,L1,0.05,bilinear,7,7,0.9989058971405029,1,False,0.5,0.0,0.0
14317,0,CF4,L1,0.05,bilinear,3,3,0.9322372078895569,1,False,0.5,0.0,0.0
6485,0,CF4,L1,0.05,bilinear,0,0,0.9999958276748657,1,False,0.5,0.0,0.0
18287,0,CF4,L1,0.05,bilinear,0,0,0.9962848424911499,1,False,0.5,0.0,0.0
11840,0,CF4,L1,0.05,bilinear,4,1,0.5048748850822449,0,False,0.5,0.0,0.0
864,0,CF4,L1,0.05,bilinear,0,0,0.9980292916297913,1,False,0.5,0.0,0.0
20612,0,CF4,L1,0.05,bilinear,1,1,0.943537175655365,1,False,0.5,0.0,0.0
21079,0,CF4,L1,0.05,bilinear,1,1,0.999911904335022,1,False,0.5,0.0,0.0
11286,0,CF4,L1,0.05,bilinear,5,5,0.9923352599143982,1,False,0.5,0.0,0.0
788,0,CF4,L1,0.05,bilinear,0,0,0.9963943362236023,1,False,0.5,0.0,0.0
15932,0,CF4,L1,0.05,bilinear,3,3,0.8746154308319092,1,False,0.5,0.0,0.0
18511,0,CF4,L1,0.05,bilinear,3,3,0.9956490397453308,1,False,0.5,0.0,0.0
21576,0,CF4,L1,0.05,bilinear,5,1,0.8308597803115845,0,False,0.5,0.0,0.0
17237,0,CF4,L1,0.05,bilinear,2,2,0.9965367317199707,1,False,0.5,0.0,0.0
2966,0,CF4,L1,0.05,bilinear,2,2,0.9999785423278809,1,False,0.5,0.0,0.0
16416,0,CF4,L1,0.05,bilinear,5,5,0.9983515739440918,1,False,0.5,0.0,0.0
1280,0,CF4,L1,0.05,bilinear,5,5,0.707545816898346,1,False,0.5,0.0,0.0
24928,0,CF4,L1,0.05,bilinear,0,0,0.9529313445091248,1,False,0.5,0.0,0.0
23837,0,CF4,L1,0.05,bilinear,1,1,0.8572653532028198,1,False,0.5,0.0,0.0
20230,0,CF4,L1,0.05,bilinear,1,1,0.9994617104530334,1,False,0.5,0.0,0.0
23434,0,CF4,L1,0.05,bilinear,5,5,0.9971687197685242,1,False,0.5,0.0,0.0
20522,0,CF4,L1,0.05,bilinear,6,1,0.46690991520881653,0,False,0.5,0.0,0.0
7789,0,CF4,L1,0.05,bilinear,3,7,0.39993324875831604,0,False,0.5,0.0,0.0
22086,0,CF4,L1,0.05,bilinear,6,6,0.9861854910850525,1,False,0.5,0.0,0.0
21339,0,CF4,L1,0.05,bilinear,0,0,0.9999170303344727,1,False,0.5,0.0,0.0
6830,0,CF4,L1,0.05,bilinear,9,9,0.999728262424469,1,False,0.5,0.0,0.0
20902,0,CF4,L1,0.05,bilinear,2,2,0.9929854273796082,1,False,0.5,0.0,0.0
17481,0,CF4,L1,0.05,bilinear,5,5,0.9896211624145508,1,False,0.5,0.0,0.0
3050,0,CF4,L1,0.05,bilinear,6,6,0.6189960837364197,1,False,0.5,0.0,0.0
409,0,CF4,L1,0.05,bilinear,1,4,0.7363224029541016,0,False,0.5,0.0,0.0
14823,0,CF4,L1,0.05,bilinear,7,7,0.8705079555511475,1,False,0.5,0.0,0.0
22892,0,CF4,L1,0.05,bilinear,9,1,0.5362141132354736,0,False,0.5,0.0,0.0
9470,0,CF4,L1,0.05,bilinear,8,8,0.7685728073120117,1,False,0.5,0.0,0.0
9543,0,CF4,L1,0.05,bilinear,6,8,0.35914328694343567,0,False,0.5,0.0,0.0
22090,0,CF4,L1,0.05,bilinear,5,5,0.9944310784339905,1,False,0.5,0.0,0.0
6045,0,CF4,L1,0.05,bilinear,6,6,0.9733906984329224,1,False,0.5,0.0,0.0
317,0,CF4,L1,0.05,bilinear,8,8,0.9721883535385132,1,False,0.5,0.0,0.0
15812,0,CF4,L1,0.05,bilinear,0,0,0.9975517392158508,1,False,0.5,0.0,0.0
18170,0,CF4,L1,0.05,bilinear,9,0,0.5103603005409241,0,False,0.5,0.0,0.0
14781,0,CF4,L1,0.05,bilinear,0,0,0.9230712056159973,1,False,0.5,0.0,0.0
17886,0,CF4,L1,0.05,bilinear,9,9,0.9563118815422058,1,False,0.5,0.0,0.0
20049,0,CF4,L1,0.05,bilinear,3,0,0.9485735893249512,0,False,0.5,0.0,0.0
13283,0,CF4,L1,0.05,bilinear,0,0,0.9890622496604919,1,False,0.5,0.0,0.0
25830,0,CF4,L1,0.05,bilinear,5,5,0.9991589784622192,1,False,0.5,0.0,0.0
14277,0,CF4,L1,0.05,bilinear,9,9,0.9024962782859802,1,False,0.5,0.0,0.0
5908,0,CF4,L1,0.05,bilinear,1,1,0.9999794960021973,1,False,0.5,0.0,0.0
9731,0,CF4,L1,0.05,bilinear,8,8,0.920645534992218,1,False,0.5,0.0,0.0
14180,0,CF4,L1,0.05,bilinear,9,9,0.9873796701431274,1,False,0.5,0.0,0.0
9246,0,CF4,L1,0.05,bilinear,2,2,0.994629442691803,1,False,0.5,0.0,0.0
1656,0,CF4,L1,0.05,bilinear,2,2,0.7888507843017578,1,False,0.5,0.0,0.0
17712,0,CF4,L1,0.05,bilinear,1,1,0.8069161176681519,1,False,0.5,0.0,0.0
25544,0,CF4,L1,0.05,bilinear,9,0,0.6315305233001709,0,False,0.5,0.0,0.0
1120,0,CF4,L1,0.05,bilinear,5,5,0.9983999133110046,1,False,0.5,0.0,0.0
1298,0,CF4,L1,0.05,bilinear,6,6,0.8637433648109436,1,False,0.5,0.0,0.0
25570,0,CF4,L1,0.05,bilinear,2,2,0.9993616938591003,1,False,0.5,0.0,0.0
5370,0,CF4,L1,0.05,bilinear,7,1,0.7495856285095215,0,False,0.5,0.0,0.0
19075,0,CF4,L1,0.05,bilinear,2,2,0.9925140738487244,1,False,0.5,0.0,0.0
8583,0,CF4,L1,0.05,bilinear,0,1,0.4193640649318695,0,False,0.5,0.0,0.0
2133,0,CF4,L1,0.05,bilinear,0,2,0.364092618227005,0,False,0.5,0.0,0.0
1982,0,CF4,L1,0.05,bilinear,2,2,0.9270182847976685,1,False,0.5,0.0,0.0
950,0,CF4,L1,0.05,bilinear,8,8,0.37786173820495605,1,False,0.5,0.0,0.0
19563,0,CF4,L1,0.05,bilinear,4,4,0.9859353303909302,1,False,0.5,0.0,0.0
21023,0,CF4,L1,0.05,bilinear,6,6,0.9797948002815247,1,False,0.5,0.0,0.0
15687,0,CF4,L1,0.05,bilinear,0,0,0.9154372215270996,1,False,0.5,0.0,0.0
6444,0,CF4,L1,0.05,bilinear,6,6,0.9714439511299133,1,False,0.5,0.0,0.0
15735,0,CF4,L1,0.05,bilinear,4,4,0.9738743305206299,1,False,0.5,0.0,0.0
10651,0,CF4,L1,0.05,bilinear,0,0,0.8725502490997314,1,False,0.5,0.0,0.0
13256,0,CF4,L1,0.05,bilinear,1,1,0.9999040365219116,1,False,0.5,0.0,0.0
16855,0,CF4,L1,0.05,bilinear,6,5,0.2848401963710785,0,False,0.5,0.0,0.0
14884,0,CF4,L1,0.05,bilinear,9,9,0.7660543322563171,1,False,0.5,0.0,0.0
21884,0,CF4,L1,0.05,bilinear,6,6,0.7453024983406067,1,False,0.5,0.0,0.0
5078,0,CF4,L1,0.05,bilinear,3,3,0.6479001641273499,1,False,0.5,0.0,0.0
20419,0,CF4,L1,0.05,bilinear,9,2,0.8379306197166443,0,False,0.5,0.0,0.0
20521,0,CF4,L1,0.05,bilinear,5,5,0.8516631722450256,1,False,0.5,0.0,0.0
23257,0,CF4,L1,0.05,bilinear,5,5,0.7411178350448608,1,False,0.5,0.0,0.0
17190,0,CF4,L1,0.05,bilinear,2,2,0.962461531162262,1,False,0.5,0.0,0.0
15631,0,CF4,L1,0.05,bilinear,8,8,0.9912487268447876,1,False,0.5,0.0,0.0
504,0,CF4,L1,0.05,bilinear,0,0,0.9899455904960632,1,False,0.5,0.0,0.0
14990,0,CF4,L1,0.05,bilinear,3,3,0.9984577894210815,1,False,0.5,0.0,0.0
24512,0,CF4,L1,0.05,bilinear,8,8,0.9542834758758545,1,False,0.5,0.0,0.0
23120,0,CF4,L1,0.05,bilinear,7,1,0.9066503047943115,0,False,0.5,0.0,0.0
3357,0,CF4,L1,0.05,bilinear,2,2,0.9962389469146729,1,False,0.5,0.0,0.0
8088,0,CF4,L1,0.05,bilinear,1,1,0.994548499584198,1,False,0.5,0.0,0.0
21849,0,CF4,L1,0.05,bilinear,9,0,0.5237439870834351,0,False,0.5,0.0,0.0
13683,0,CF4,L1,0.05,bilinear,0,0,0.9975792765617371,1,False,0.5,0.0,0.0
22718,0,CF4,L1,0.05,bilinear,9,3,0.5315104126930237,0,False,0.5,0.0,0.0
9927,0,CF4,L1,0.05,bilinear,4,4,0.8868423700332642,1,False,0.5,0.0,0.0
11425,0,CF4,L1,0.05,bilinear,0,0,0.9990717172622681,1,False,0.5,0.0,0.0
14578,0,CF4,L1,0.05,bilinear,0,0,0.8093453645706177,1,False,0.5,0.0,0.0
25481,0,CF4,L1,0.05,bilinear,8,8,0.6010334491729736,1,False,0.5,0.0,0.0
11269,0,CF4,L1,0.05,bilinear,5,5,0.9976546764373779,1,False,0.5,0.0,0.0
12877,0,CF4,L1,0.05,bilinear,5,5,0.873166561126709,1,False,0.5,0.0,0.0
22531,0,CF4,L1,0.05,bilinear,9,1,0.3377143442630768,0,False,0.5,0.0,0.0
13150,0,CF4,L1,0.05,bilinear,3,1,0.9140490889549255,0,False,0.5,0.0,0.0
5654,0,CF4,L1,0.05,bilinear,8,8,0.8291078209877014,1,False,0.5,0.0,0.0
1286,0,CF4,L1,0.05,bilinear,7,7,0.9682844877243042,1,False,0.5,0.0,0.0
1652,0,CF4,L1,0.05,bilinear,1,1,0.9999141693115234,1,False,0.5,0.0,0.0
22335,0,CF4,L1,0.05,bilinear,2,2,0.9647702574729919,1,False,0.5,0.0,0.0
23848,0,CF4,L1,0.05,bilinear,3,3,0.794548749923706,1,False,0.5,0.0,0.0
2892,0,CF4,L1,0.05,bilinear,6,6,0.9858579635620117,1,False,0.5,0.0,0.0
16530,0,CF4,L1,0.05,bilinear,8,8,0.882456362247467,1,False,0.5,0.0,0.0
12848,0,CF4,L1,0.05,bilinear,8,8,0.9930955767631531,1,False,0.5,0.0,0.0
7330,0,CF4,L1,0.05,bilinear,7,7,0.9782266020774841,1,False,0.5,0.0,0.0
3676,0,CF4,L1,0.05,bilinear,1,1,0.9943569302558899,1,False,0.5,0.0,0.0
19966,0,CF4,L1,0.05,bilinear,8,8,0.9174877405166626,1,False,0.5,0.0,0.0
8382,0,CF4,L1,0.05,bilinear,5,6,0.8747410178184509,0,False,0.5,0.0,0.0
19660,0,CF4,L1,0.05,bilinear,7,2,0.4751910865306854,0,False,0.5,0.0,0.0
2508,0,CF4,L1,0.05,bilinear,9,9,0.6205172538757324,1,False,0.5,0.0,0.0
2360,0,CF4,L1,0.05,bilinear,4,4,0.670685350894928,1,False,0.5,0.0,0.0
16796,0,CF4,L1,0.05,bilinear,1,1,0.9999445676803589,1,False,0.5,0.0,0.0
23426,0,CF4,L1,0.05,bilinear,9,2,0.3928050398826599,0,False,0.5,0.0,0.0
15590,0,CF4,L1,0.05,bilinear,2,2,0.9658993482589722,1,False,0.5,0.0,0.0
6302,0,CF4,L1,0.05,bilinear,3,3,0.7342578768730164,1,False,0.5,0.0,0.0
24519,0,CF4,L1,0.05,bilinear,7,7,0.4389883875846863,1,False,0.5,0.0,0.0
23276,0,CF4,L1,0.05,bilinear,2,2,0.962207555770874,1,False,0.5,0.0,0.0
24566,0,CF4,L1,0.05,bilinear,8,8,0.9834870100021362,1,False,0.5,0.0,0.0
20978,0,CF4,L1,0.05,bilinear,1,1,0.8476154804229736,1,False,0.5,0.0,0.0
8990,0,CF4,L1,0.05,bilinear,3,3,0.7312453985214233,1,False,0.5,0.0,0.0
11061,0,CF4,L1,0.05,bilinear,7,1,0.793611466884613,0,False,0.5,0.0,0.0
7075,0,CF4,L1,0.05,bilinear,9,5,0.7162928581237793,0,False,0.5,0.0,0.0
17641,0,CF4,L1,0.05,bilinear,2,2,0.9992276430130005,1,False,0.5,0.0,0.0
12077,0,CF4,L1,0.05,bilinear,9,9,0.9975535273551941,1,False,0.5,0.0,0.0
1779,0,CF4,L1,0.05,bilinear,7,7,0.997954249382019,1,False,0.5,0.0,0.0
11519,0,CF4,L1,0.05,bilinear,4,4,0.6809999942779541,1,False,0.5,0.0,0.0
8549,0,CF4,L1,0.05,bilinear,3,3,0.3743301331996918,1,False,0.5,0.0,0.0
14623,0,CF4,L1,0.05,bilinear,6,0,0.4052959084510803,0,False,0.5,0.0,0.0
10846,0,CF4,L1,0.05,bilinear,3,3,0.9962054491043091,1,False,0.5,0.0,0.0
16289,0,CF4,L1,0.05,bilinear,3,3,0.8443248271942139,1,False,0.5,0.0,0.0
12311,0,CF4,L1,0.05,bilinear,8,8,0.8181326985359192,1,False,0.5,0.0,0.0
6068,0,CF4,L1,0.05,bilinear,8,8,0.8667839765548706,1,False,0.5,0.0,0.0
9629,0,CF4,L1,0.05,bilinear,6,6,0.7375617623329163,1,False,0.5,0.0,0.0
19560,0,CF4,L1,0.05,bilinear,3,9,0.5117946863174438,0,False,0.5,0.0,0.0
10379,0,CF4,L1,0.05,bilinear,8,8,0.972575306892395,1,False,0.5,0.0,0.0
6499,0,CF4,L1,0.05,bilinear,9,6,0.9203712940216064,0,False,0.5,0.0,0.0
1159,0,CF4,L1,0.05,bilinear,0,0,0.9994264841079712,1,False,0.5,0.0,0.0
4366,0,CF4,L1,0.05,bilinear,7,7,0.9618011116981506,1,False,0.5,0.0,0.0
8397,0,CF4,L1,0.05,bilinear,1,0,0.7676885724067688,0,False,0.5,0.0,0.0
20905,0,CF4,L1,0.05,bilinear,9,2,0.7337449789047241,0,False,0.5,0.0,0.0
15746,0,CF4,L1,0.05,bilinear,5,5,0.9458699822425842,1,False,0.5,0.0,0.0
9402,0,CF4,L1,0.05,bilinear,3,8,0.9634765982627869,0,False,0.5,0.0,0.0
8164,0,CF4,L1,0.05,bilinear,2,0,0.8620574474334717,0,False,0.5,0.0,0.0
510,0,CF4,L1,0.05,bilinear,5,5,0.7161000370979309,1,False,0.5,0.0,0.0
24070,0,CF4,L1,0.05,bilinear,9,1,0.8532536625862122,0,False,0.5,0.0,0.0
2401,0,CF4,L1,0.05,bilinear,4,4,0.9809980988502502,1,False,0.5,0.0,0.0
12147,0,CF4,L1,0.05,bilinear,3,1,0.47447386384010315,0,False,0.5,0.0,0.0
14499,0,CF4,L1,0.05,bilinear,6,6,0.7487122416496277,1,False,0.5,0.0,0.0
3530,0,CF4,L1,0.05,bilinear,6,6,0.9964520931243896,1,False,0.5,0.0,0.0
14723,0,CF4,L1,0.05,bilinear,7,2,0.9316015243530273,0,False,0.5,0.0,0.0
4435,0,CF4,L1,0.05,bilinear,3,3,0.8804478049278259,1,False,0.5,0.0,0.0
22852,0,CF4,L1,0.05,bilinear,2,2,0.8607693314552307,1,False,0.5,0.0,0.0
8461,0,CF4,L1,0.05,bilinear,3,3,0.9941971302032471,1,False,0.5,0.0,0.0
21972,0,CF4,L1,0.05,bilinear,7,7,0.9990941286087036,1,False,0.5,0.0,0.0
5410,0,CF4,L1,0.05,bilinear,4,4,0.6773476600646973,1,False,0.5,0.0,0.0
17754,0,CF4,L1,0.05,bilinear,6,6,0.9795119762420654,1,False,0.5,0.0,0.0
15311,0,CF4,L1,0.05,bilinear,2,2,0.9998666048049927,1,False,0.5,0.0,0.0
15185,0,CF4,L1,0.05,bilinear,1,1,0.9894235730171204,1,False,0.5,0.0,0.0
5663,0,CF4,L1,0.05,bilinear,4,1,0.43457895517349243,0,False,0.5,0.0,0.0
6247,0,CF4,L1,0.05,bilinear,6,6,0.9977032542228699,1,False,0.5,0.0,0.0
15287,0,CF4,L1,0.05,bilinear,0,4,0.5039669275283813,0,False,0.5,0.0,0.0
19902,0,CF4,L1,0.05,bilinear,0,0,0.9982675313949585,1,False,0.5,0.0,0.0
25188,0,CF4,L1,0.05,bilinear,4,9,0.5696807503700256,0,False,0.5,0.0,0.0
11195,0,CF4,L1,0.05,bilinear,8,0,0.4323216378688812,0,False,0.5,0.0,0.0
4828,0,CF4,L1,0.05,bilinear,7,1,0.6588460803031921,0,False,0.5,0.0,0.0
23751,0,CF4,L1,0.05,bilinear,5,5,0.9677951335906982,1,False,0.5,0.0,0.0
9464,0,CF4,L1,0.05,bilinear,3,1,0.6486932039260864,0,False,0.5,0.0,0.0
25723,0,CF4,L1,0.05,bilinear,0,0,0.993837296962738,1,False,0.5,0.0,0.0
16859,0,CF4,L1,0.05,bilinear,5,5,0.9540436267852783,1,False,0.5,0.0,0.0
3601,0,CF4,L1,0.05,bilinear,1,1,0.9998270869255066,1,False,0.5,0.0,0.0
11679,0,CF4,L1,0.05,bilinear,6,6,0.9837046265602112,1,False,0.5,0.0,0.0
12135,0,CF4,L1,0.05,bilinear,7,1,0.8744274377822876,0,False,0.5,0.0,0.0
16329,0,CF4,L1,0.05,bilinear,1,1,0.9289182424545288,1,False,0.5,0.0,0.0
94,0,CF4,L1,0.05,bilinear,4,0,0.5984873175621033,0,False,0.5,0.0,0.0
14517,0,CF4,L1,0.05,bilinear,9,3,0.30466362833976746,0,False,0.5,0.0,0.0
16852,0,CF4,L1,0.05,bilinear,3,3,0.9960722923278809,1,False,0.5,0.0,0.0
6852,0,CF4,L1,0.05,bilinear,6,6,0.5568787455558777,1,False,0.5,0.0,0.0
24858,0,CF4,L1,0.05,bilinear,3,3,0.9705224633216858,1,False,0.5,0.0,0.0
297,0,CF4,L1,0.05,bilinear,9,9,0.7923373579978943,1,False,0.5,0.0,0.0
12339,0,CF4,L1,0.05,bilinear,2,2,0.995730459690094,1,False,0.5,0.0,0.0
20811,0,CF4,L1,0.05,bilinear,8,8,0.9486087560653687,1,False,0.5,0.0,0.0
12439,0,CF4,L1,0.05,bilinear,5,5,0.6993159055709839,1,False,0.5,0.0,0.0
16632,0,CF4,L1,0.05,bilinear,9,0,0.9612515568733215,0,False,0.5,0.0,0.0
5798,0,CF4,L1,0.05,bilinear,4,4,0.5482568144798279,1,False,0.5,0.0,0.0
18458,0,CF4,L1,0.05,bilinear,3,3,0.9642878174781799,1,False,0.5,0.0,0.0
6105,0,CF4,L1,0.05,bilinear,5,5,0.7741479277610779,1,False,0.5,0.0,0.0
10321,0,CF4,L1,0.05,bilinear,6,6,0.8938044905662537,1,False,0.5,0.0,0.0
21771,0,CF4,L1,0.05,bilinear,7,7,0.849998950958252,1,False,0.5,0.0,0.0
22194,0,CF4,L1,0.05,bilinear,0,0,0.9970468878746033,1,False,0.5,0.0,0.0
6,0,CF4,L1,0.05,bilinear,9,9,0.6851592063903809,1,False,0.5,0.0,0.0
912,0,CF4,L1,0.05,bilinear,7,7,0.8454963564872742,1,False,0.5,0.0,0.0
16910,0,CF4,L1,0.05,bilinear,5,5,0.7861661911010742,1,False,0.5,0.0,0.0
18738,0,CF4,L1,0.05,bilinear,7,7,0.9895238280296326,1,False,0.5,0.0,0.0
18020,0,CF4,L1,0.05,bilinear,9,9,0.7518138885498047,1,False,0.5,0.0,0.0
3462,0,CF4,L1,0.05,bilinear,8,6,0.41520190238952637,0,False,0.5,0.0,0.0
5696,0,CF4,L1,0.05,bilinear,1,1,0.32621756196022034,1,False,0.5,0.0,0.0
15066,0,CF4,L1,0.05,bilinear,3,3,0.9732494354248047,1,False,0.5,0.0,0.0
10653,0,CF4,L1,0.05,bilinear,9,9,0.5809949040412903,1,False,0.5,0.0,0.0
13337,0,CF4,L1,0.05,bilinear,2,2,0.9999284744262695,1,False,0.5,0.0,0.0
12340,0,CF4,L1,0.05,bilinear,5,5,0.9939113855361938,1,False,0.5,0.0,0.0
9536,0,CF4,L1,0.05,bilinear,0,0,0.9994483590126038,1,False,0.5,0.0,0.0
3566,0,CF4,L1,0.05,bilinear,4,1,0.8491905331611633,0,False,0.5,0.0,0.0
20090,0,CF4,L1,0.05,bilinear,4,4,0.7557482719421387,1,False,0.5,0.0,0.0
211,0,CF4,L1,0.05,bilinear,0,0,0.9845224618911743,1,False,0.5,0.0,0.0
55,0,CF4,L1,0.05,bilinear,8,6,0.8855190873146057,0,False,0.5,0.0,0.0
1477,0,CF4,L1,0.05,bilinear,2,1,0.24295684695243835,0,False,0.5,0.0,0.0
25898,0,CF4,L1,0.05,bilinear,0,6,0.791337788105011,0,False,0.5,0.0,0.0
25713,0,CF4,L1,0.05,bilinear,0,0,0.8671186566352844,1,False,0.5,0.0,0.0
18055,0,CF4,L1,0.05,bilinear,3,3,0.9911320805549622,1,False,0.5,0.0,0.0
17461,0,CF4,L1,0.05,bilinear,3,3,0.9504346251487732,1,False,0.5,0.0,0.0
14237,0,CF4,L1,0.05,bilinear,7,7,0.4737565219402313,1,False,0.5,0.0,0.0
13858,0,CF4,L1,0.05,bilinear,1,1,0.999751627445221,1,False,0.5,0.0,0.0
12386,0,CF4,L1,0.05,bilinear,5,5,0.7757830023765564,1,False,0.5,0.0,0.0
7223,0,CF4,L1,0.05,bilinear,9,9,0.9774100184440613,1,False,0.5,0.0,0.0
3153,0,CF4,L1,0.05,bilinear,5,5,0.45866256952285767,1,False,0.5,0.0,0.0
23265,0,CF4,L1,0.05,bilinear,8,8,0.7921656966209412,1,False,0.5,0.0,0.0
9465,0,CF4,L1,0.05,bilinear,0,0,0.8778021335601807,1,False,0.5,0.0,0.0
7419,0,CF4,L1,0.05,bilinear,0,0,0.9989410042762756,1,False,0.5,0.0,0.0
4722,0,CF4,L1,0.05,bilinear,6,6,0.7748898267745972,1,False,0.5,0.0,0.0
23448,0,CF4,L1,0.05,bilinear,6,0,0.9160979390144348,0,False,0.5,0.0,0.0
8222,0,CF4,L1,0.05,bilinear,2,2,0.8997601866722107,1,False,0.5,0.0,0.0
20898,0,CF4,L1,0.05,bilinear,8,8,0.9896118640899658,1,False,0.5,0.0,0.0
23313,0,CF4,L1,0.05,bilinear,2,2,0.9995131492614746,1,False,0.5,0.0,0.0
13426,0,CF4,L1,0.05,bilinear,2,2,0.9562199711799622,1,False,0.5,0.0,0.0
25136,0,CF4,L1,0.05,bilinear,4,4,0.9932585954666138,1,False,0.5,0.0,0.0
9268,0,CF4,L1,0.05,bilinear,4,4,0.9888433218002319,1,False,0.5,0.0,0.0
3892,0,CF4,L1,0.05,bilinear,1,1,0.9998480081558228,1,False,0.5,0.0,0.0
4115,0,CF4,L1,0.05,bilinear,3,0,0.6783369779586792,0,False,0.5,0.0,0.0
5166,0,CF4,L1,0.05,bilinear,7,7,0.8271278142929077,1,False,0.5,0.0,0.0
14984,0,CF4,L1,0.05,bilinear,3,1,0.6152329444885254,0,False,0.5,0.0,0.0
10520,0,CF4,L1,0.05,bilinear,1,1,0.9360424280166626,1,False,0.5,0.0,0.0
4379,0,CF4,L1,0.05,bilinear,2,2,0.9998817443847656,1,False,0.5,0.0,0.0
8937,0,CF4,L1,0.05,bilinear,1,1,0.9951232075691223,1,False,0.5,0.0,0.0
17550,0,CF4,L1,0.05,bilinear,9,9,0.9967922568321228,1,False,0.5,0.0,0.0
19085,0,CF4,L1,0.05,bilinear,9,9,0.9780457019805908,1,False,0.5,0.0,0.0
17902,0,CF4,L1,0.05,bilinear,6,6,0.6318437457084656,1,False,0.5,0.0,0.0
14780,0,CF4,L1,0.05,bilinear,8,3,0.38819944858551025,0,False,0.5,0.0,0.0
8401,0,CF4,L1,0.05,bilinear,0,0,0.9931973218917847,1,False,0.5,0.0,0.0
11230,0,CF4,L1,0.05,bilinear,2,2,0.9848672747612,1,False,0.5,0.0,0.0
1772,0,CF4,L1,0.05,bilinear,3,3,0.9882693290710449,1,False,0.5,0.0,0.0
13326,0,CF4,L1,0.05,bilinear,4,4,0.9923480749130249,1,False,0.5,0.0,0.0
15230,0,CF4,L1,0.05,bilinear,5,2,0.8923123478889465,0,False,0.5,0.0,0.0
20557,0,CF4,L1,0.05,bilinear,0,0,0.9962777495384216,1,False,0.5,0.0,0.0
9555,0,CF4,L1,0.05,bilinear,1,1,0.9998055100440979,1,False,0.5,0.0,0.0
3667,0,CF4,L1,0.05,bilinear,6,6,0.927406907081604,1,False,0.5,0.0,0.0
5316,0,CF4,L1,0.05,bilinear,5,5,0.6605731844902039,1,False,0.5,0.0,0.0
3606,0,CF4,L1,0.05,bilinear,5,1,0.43460312485694885,0,False,0.5,0.0,0.0
25776,0,CF4,L1,0.05,bilinear,6,6,0.95024573802948,1,False,0.5,0.0,0.0
22231,0,CF4,L1,0.05,bilinear,1,1,0.999964714050293,1,False,0.5,0.0,0.0
10855,0,CF4,L1,0.05,bilinear,7,7,0.9907928109169006,1,False,0.5,0.0,0.0
130,0,CF4,L1,0.05,bilinear,6,6,0.9985675811767578,1,False,0.5,0.0,0.0
434,0,CF4,L1,0.05,bilinear,8,8,0.45937982201576233,1,False,0.5,0.0,0.0
5308,0,CF4,L1,0.05,bilinear,5,9,0.22696810960769653,0,False,0.5,0.0,0.0
17682,0,CF4,L1,0.05,bilinear,4,4,0.4410901665687561,1,False,0.5,0.0,0.0
16682,0,CF4,L1,0.05,bilinear,8,8,0.9506984949111938,1,False,0.5,0.0,0.0
12660,0,CF4,L1,0.05,bilinear,5,5,0.936629593372345,1,False,0.5,0.0,0.0
21362,0,CF4,L1,0.05,bilinear,5,5,0.9842677712440491,1,False,0.5,0.0,0.0
15483,0,CF4,L1,0.05,bilinear,4,4,0.8281586766242981,1,False,0.5,0.0,0.0
5289,0,CF4,L1,0.05,bilinear,5,1,0.5994872450828552,0,False,0.5,0.0,0.0
19757,0,CF4,L1,0.05,bilinear,1,1,0.9989483952522278,1,False,0.5,0.0,0.0
6799,0,CF4,L1,0.05,bilinear,2,2,0.9978849291801453,1,False,0.5,0.0,0.0
18871,0,CF4,L1,0.05,bilinear,2,2,0.9982112646102905,1,False,0.5,0.0,0.0
4740,0,CF4,L1,0.05,bilinear,3,3,0.5863906145095825,1,False,0.5,0.0,0.0
14926,0,CF4,L1,0.05,bilinear,5,5,0.8744204044342041,1,False,0.5,0.0,0.0
3549,0,CF4,L1,0.05,bilinear,4,4,0.4146920144557953,1,False,0.5,0.0,0.0
13336,0,CF4,L1,0.05,bilinear,9,0,0.8680354952812195,0,False,0.5,0.0,0.0
8302,0,CF4,L1,0.05,bilinear,3,2,0.5513126850128174,0,False,0.5,0.0,0.0
19884,0,CF4,L1,0.05,bilinear,8,8,0.7909396886825562,1,False,0.5,0.0,0.0
6927,0,CF4,L1,0.05,bilinear,1,1,0.9932994842529297,1,False,0.5,0.0,0.0
15277,0,CF4,L1,0.05,bilinear,6,6,0.9864612221717834,1,False,0.5,0.0,0.0
20278,0,CF4,L1,0.05,bilinear,3,3,0.7621588706970215,1,False,0.5,0.0,0.0
654,0,CF4,L1,0.05,bilinear,8,8,0.9347468614578247,1,False,0.5,0.0,0.0
19020,0,CF4,L1,0.05,bilinear,0,0,0.9780625700950623,1,False,0.5,0.0,0.0
25403,0,CF4,L1,0.05,bilinear,3,3,0.89127117395401,1,False,0.5,0.0,0.0
1745,0,CF4,L1,0.05,bilinear,8,8,0.9260448813438416,1,False,0.5,0.0,0.0
10726,0,CF4,L1,0.05,bilinear,4,4,0.9356949329376221,1,False,0.5,0.0,0.0
23431,0,CF4,L1,0.05,bilinear,4,4,0.9650406241416931,1,False,0.5,0.0,0.0
231,0,CF4,L1,0.05,bilinear,5,5,0.9943844079971313,1,False,0.5,0.0,0.0
20678,0,CF4,L1,0.05,bilinear,7,2,0.5745214223861694,0,False,0.5,0.0,0.0
15851,0,CF4,L1,0.05,bilinear,1,1,0.9997733235359192,1,False,0.5,0.0,0.0
24015,0,CF4,L1,0.05,bilinear,0,0,0.9999758005142212,1,False,0.5,0.0,0.0
1082,0,CF4,L1,0.05,bilinear,6,0,0.30542877316474915,0,False,0.5,0.0,0.0
5573,0,CF4,L1,0.05,bilinear,8,3,0.36454954743385315,0,False,0.5,0.0,0.0
11289,0,CF4,L1,0.05,bilinear,1,1,0.9998401403427124,1,False,0.5,0.0,0.0
1751,0,CF4,L1,0.05,bilinear,0,0,0.744271457195282,1,False,0.5,0.0,0.0
4594,0,CF4,L1,0.05,bilinear,6,6,0.9894561171531677,1,False,0.5,0.0,0.0
21127,0,CF4,L1,0.05,bilinear,8,8,0.9641615748405457,1,False,0.5,0.0,0.0
12370,0,CF4,L1,0.05,bilinear,4,4,0.8846529126167297,1,False,0.5,0.0,0.0
4125,0,CF4,L1,0.05,bilinear,6,6,0.9987289309501648,1,False,0.5,0.0,0.0
11008,0,CF4,L1,0.05,bilinear,1,1,0.9924736022949219,1,False,0.5,0.0,0.0
23395,0,CF4,L1,0.05,bilinear,7,2,0.5268004536628723,0,False,0.5,0.0,0.0
3080,0,CF4,L1,0.05,bilinear,3,3,0.9912746548652649,1,False,0.5,0.0,0.0
22400,0,CF4,L1,0.05,bilinear,0,0,0.9999967813491821,1,False,0.5,0.0,0.0
22514,0,CF4,L1,0.05,bilinear,1,1,0.9868877530097961,1,False,0.5,0.0,0.0
15137,0,CF4,L1,0.05,bilinear,0,0,0.9982284903526306,1,False,0.5,0.0,0.0
6681,0,CF4,L1,0.05,bilinear,0,0,0.9963790774345398,1,False,0.5,0.0,0.0
5219,0,CF4,L1,0.05,bilinear,5,6,0.21089622378349304,0,False,0.5,0.0,0.0
2355,0,CF4,L1,0.05,bilinear,2,2,0.9131913781166077,1,False,0.5,0.0,0.0
4674,0,CF4,L1,0.05,bilinear,5,3,0.513694167137146,0,False,0.5,0.0,0.0
14575,0,CF4,L1,0.05,bilinear,1,1,0.9999998807907104,1,False,0.5,0.0,0.0
6563,0,CF4,L1,0.05,bilinear,5,5,0.8534733057022095,1,False,0.5,0.0,0.0
17492,0,CF4,L1,0.05,bilinear,9,0,0.43476563692092896,0,False,0.5,0.0,0.0
15770,0,CF4,L1,0.05,bilinear,7,7,0.9251962304115295,1,False,0.5,0.0,0.0
20830,0,CF4,L1,0.05,bilinear,1,1,0.9994807839393616,1,False,0.5,0.0,0.0
1777,0,CF4,L1,0.05,bilinear,2,2,0.9993909597396851,1,False,0.5,0.0,0.0
21617,0,CF4,L1,0.05,bilinear,7,7,0.996640682220459,1,False,0.5,0.0,0.0
21293,0,CF4,L1,0.05,bilinear,4,6,0.3833310306072235,0,False,0.5,0.0,0.0
14504,0,CF4,L1,0.05,bilinear,0,0,0.6437065601348877,1,False,0.5,0.0,0.0
21236,0,CF4,L1,0.05,bilinear,7,7,0.970934271812439,1,False,0.5,0.0,0.0
18558,0,CF4,L1,0.05,bilinear,4,4,0.7724176645278931,1,False,0.5,0.0,0.0
22916,0,CF4,L1,0.05,bilinear,8,8,0.4335455000400543,1,False,0.5,0.0,0.0
18760,0,CF4,L1,0.05,bilinear,6,2,0.9727277755737305,0,False,0.5,0.0,0.0
17389,0,CF4,L1,0.05,bilinear,8,8,0.8387153744697571,1,False,0.5,0.0,0.0
13155,0,CF4,L1,0.05,bilinear,8,8,0.43429604172706604,1,False,0.5,0.0,0.0
13999,0,CF4,L1,0.05,bilinear,5,5,0.8522059321403503,1,False,0.5,0.0,0.0
10265,0,CF4,L1,0.05,bilinear,8,8,0.9515674114227295,1,False,0.5,0.0,0.0
17239,0,CF4,L1,0.05,bilinear,2,2,0.9992202520370483,1,False,0.5,0.0,0.0
6288,0,CF4,L1,0.05,bilinear,3,1,0.34168741106987,0,False,0.5,0.0,0.0
11514,0,CF4,L1,0.05,bilinear,6,6,0.6135997176170349,1,False,0.5,0.0,0.0
23652,0,CF4,L1,0.05,bilinear,1,1,0.999958872795105,1,False,0.5,0.0,0.0
11939,0,CF4,L1,0.05,bilinear,6,6,0.997774064540863,1,False,0.5,0.0,0.0
2174,0,CF4,L1,0.05,bilinear,7,7,0.512489378452301,1,False,0.5,0.0,0.0
15441,0,CF4,L1,0.05,bilinear,4,4,0.9088563919067383,1,False,0.5,0.0,0.0
12260,0,CF4,L1,0.05,bilinear,1,1,0.952529788017273,1,False,0.5,0.0,0.0
25046,0,CF4,L1,0.05,bilinear,6,6,0.8573621511459351,1,False,0.5,0.0,0.0
13958,0,CF4,L1,0.05,bilinear,9,9,0.5589642524719238,1,False,0.5,0.0,0.0
20974,0,CF4,L1,0.05,bilinear,8,8,0.6565768122673035,1,False,0.5,0.0,0.0
10626,0,CF4,L1,0.05,bilinear,6,6,0.9395507574081421,1,False,0.5,0.0,0.0
22545,0,CF4,L1,0.05,bilinear,5,5,0.49211904406547546,1,False,0.5,0.0,0.0
20288,0,CF4,L1,0.05,bilinear,5,5,0.512779176235199,1,False,0.5,0.0,0.0
13790,0,CF4,L1,0.05,bilinear,7,7,0.8959141373634338,1,False,0.5,0.0,0.0
2817,0,CF4,L1,0.05,bilinear,4,4,0.49247318506240845,1,False,0.5,0.0,0.0
8344,0,CF4,L1,0.05,bilinear,4,4,0.9753624796867371,1,False,0.5,0.0,0.0
11708,0,CF4,L1,0.05,bilinear,1,1,0.9996576309204102,1,False,0.5,0.0,0.0
2379,0,CF4,L1,0.05,bilinear,1,1,0.9763031005859375,1,False,0.5,0.0,0.0
23602,0,CF4,L1,0.05,bilinear,2,2,0.9881911277770996,1,False,0.5,0.0,0.0
24357,0,CF4,L1,0.05,bilinear,8,0,0.3089609146118164,0,False,0.5,0.0,0.0
16783,0,CF4,L1,0.05,bilinear,4,4,0.9926734566688538,1,False,0.5,0.0,0.0
11723,0,CF4,L1,0.05,bilinear,9,9,0.9789808392524719,1,False,0.5,0.0,0.0
5140,0,CF4,L1,0.05,bilinear,5,5,0.9760110378265381,1,False,0.5,0.0,0.0
14563,0,CF4,L1,0.05,bilinear,1,1,0.9999884366989136,1,False,0.5,0.0,0.0
11905,0,CF4,L1,0.05,bilinear,7,1,0.8893295526504517,0,False,0.5,0.0,0.0
4657,0,CF4,L1,0.05,bilinear,5,5,0.9055255055427551,1,False,0.5,0.0,0.0
9888,0,CF4,L1,0.05,bilinear,7,7,0.9675337076187134,1,False,0.5,0.0,0.0
22827,0,CF4,L1,0.05,bilinear,6,6,0.8710811138153076,1,False,0.5,0.0,0.0
23911,0,CF4,L1,0.05,bilinear,7,7,0.9497745037078857,1,False,0.5,0.0,0.0
968,0,CF4,L1,0.05,bilinear,3,1,0.5289174914360046,0,False,0.5,0.0,0.0
18416,0,CF4,L1,0.05,bilinear,2,2,0.978665292263031,1,False,0.5,0.0,0.0
15166,0,CF4,L1,0.05,bilinear,7,2,0.5310443639755249,0,False,0.5,0.0,0.0
15537,0,CF4,L1,0.05,bilinear,6,6,0.3007124662399292,1,False,0.5,0.0,0.0
112,0,CF4,L1,0.05,bilinear,6,6,0.9489119052886963,1,False,0.5,0.0,0.0
9754,0,CF4,L1,0.05,bilinear,8,8,0.9829800128936768,1,False,0.5,0.0,0.0
3827,0,CF4,L1,0.05,bilinear,1,1,0.9985781908035278,1,False,0.5,0.0,0.0
16427,0,CF4,L1,0.05,bilinear,8,8,0.9008184671401978,1,False,0.5,0.0,0.0
4853,0,CF4,L1,0.05,bilinear,8,1,0.8724780082702637,0,False,0.5,0.0,0.0
5025,0,CF4,L1,0.05,bilinear,8,1,0.5658956170082092,0,False,0.5,0.0,0.0
5497,0,CF4,L1,0.05,bilinear,5,5,0.684287965297699,1,False,0.5,0.0,0.0
415,0,CF4,L1,0.05,bilinear,5,5,0.6706098318099976,1,False,0.5,0.0,0.0
6055,0,CF4,L1,0.05,bilinear,2,2,0.999935507774353,1,False,0.5,0.0,0.0
4242,0,CF4,L1,0.05,bilinear,6,5,0.4979301989078522,0,False,0.5,0.0,0.0
16007,0,CF4,L1,0.05,bilinear,3,3,0.9479080438613892,1,False,0.5,0.0,0.0
16184,0,CF4,L1,0.05,bilinear,6,6,0.9166395664215088,1,False,0.5,0.0,0.0
15180,0,CF4,L1,0.05,bilinear,2,2,0.8806989192962646,1,False,0.5,0.0,0.0
16402,0,CF4,L1,0.05,bilinear,3,3,0.9985577464103699,1,False,0.5,0.0,0.0
12883,0,CF4,L1,0.05,bilinear,7,7,0.8112350702285767,1,False,0.5,0.0,0.0
12596,0,CF4,L1,0.05,bilinear,2,2,0.9999805688858032,1,False,0.5,0.0,0.0
13383,0,CF4,L1,0.05,bilinear,0,0,0.9984139204025269,1,False,0.5,0.0,0.0
17140,0,CF4,L1,0.05,bilinear,0,0,0.9895437955856323,1,False,0.5,0.0,0.0
11249,0,CF4,L1,0.05,bilinear,7,7,0.9606646299362183,1,False,0.5,0.0,0.0
2927,0,CF4,L1,0.05,bilinear,3,3,0.9654468297958374,1,False,0.5,0.0,0.0
13380,0,CF4,L1,0.05,bilinear,3,3,0.8896041512489319,1,False,0.5,0.0,0.0
24593,0,CF4,L1,0.05,bilinear,5,5,0.9283166527748108,1,False,0.5,0.0,0.0
14507,0,CF4,L1,0.05,bilinear,8,3,0.23088306188583374,0,False,0.5,0.0,0.0
9355,0,CF4,L1,0.05,bilinear,8,8,0.768215537071228,1,False,0.5,0.0,0.0
3943,0,CF4,L1,0.05,bilinear,3,3,0.8234160542488098,1,False,0.5,0.0,0.0
4913,0,CF4,L1,0.05,bilinear,4,4,0.9589277505874634,1,False,0.5,0.0,0.0
23440,0,CF4,L1,0.05,bilinear,4,1,0.34813904762268066,0,False,0.5,0.0,0.0
19289,0,CF4,L1,0.05,bilinear,7,7,0.8454134464263916,1,False,0.5,0.0,0.0
17841,0,CF4,L1,0.05,bilinear,6,6,0.9800634384155273,1,False,0.5,0.0,0.0
18139,0,CF4,L1,0.05,bilinear,0,0,0.9675512909889221,1,False,0.5,0.0,0.0
18549,0,CF4,L1,0.05,bilinear,7,7,0.9991772770881653,1,False,0.5,0.0,0.0
7215,0,CF4,L1,0.05,bilinear,7,7,0.9996751546859741,1,False,0.5,0.0,0.0
10574,0,CF4,L1,0.05,bilinear,7,7,0.5952244997024536,1,False,0.5,0.0,0.0
10329,0,CF4,L1,0.05,bilinear,7,7,0.5140370726585388,1,False,0.5,0.0,0.0
21502,0,CF4,L1,0.05,bilinear,4,4,0.6525186896324158,1,False,0.5,0.0,0.0
1209,0,CF4,L1,0.05,bilinear,8,8,0.8114517331123352,1,False,0.5,0.0,0.0
22202,0,CF4,L1,0.05,bilinear,6,6,0.970879316329956,1,False,0.5,0.0,0.0
12914,0,CF4,L1,0.05,bilinear,2,2,0.8505060076713562,1,False,0.5,0.0,0.0
23477,0,CF4,L1,0.05,bilinear,6,6,0.969242513179779,1,False,0.5,0.0,0.0
13286,0,CF4,L1,0.05,bilinear,5,5,0.823458194732666,1,False,0.5,0.0,0.0
24957,0,CF4,L1,0.05,bilinear,2,2,0.9984265565872192,1,False,0.5,0.0,0.0
23215,0,CF4,L1,0.05,bilinear,9,0,0.5439173579216003,0,False,0.5,0.0,0.0
8171,0,CF4,L1,0.05,bilinear,3,3,0.38503143191337585,1,False,0.5,0.0,0.0
13427,0,CF4,L1,0.05,bilinear,4,4,0.9591714143753052,1,False,0.5,0.0,0.0
1985,0,CF4,L1,0.05,bilinear,9,9,0.8169758319854736,1,False,0.5,0.0,0.0
19607,0,CF4,L1,0.05,bilinear,1,1,0.9301862120628357,1,False,0.5,0.0,0.0
15138,0,CF4,L1,0.05,bilinear,4,4,0.3791715204715729,1,False,0.5,0.0,0.0
18496,0,CF4,L1,0.05,bilinear,3,3,0.9907609820365906,1,False,0.5,0.0,0.0
11341,0,CF4,L1,0.05,bilinear,5,6,0.34149062633514404,0,False,0.5,0.0,0.0
3210,0,CF4,L1,0.05,bilinear,6,6,0.4838145077228546,1,False,0.5,0.0,0.0
9044,0,CF4,L1,0.05,bilinear,3,3,0.9821042418479919,1,False,0.5,0.0,0.0
1784,0,CF4,L1,0.05,bilinear,1,1,0.7670185565948486,1,False,0.5,0.0,0.0
20687,0,CF4,L1,0.05,bilinear,7,7,0.9958836436271667,1,False,0.5,0.0,0.0
21479,0,CF4,L1,0.05,bilinear,1,1,0.9998922348022461,1,False,0.5,0.0,0.0
4465,0,CF4,L1,0.05,bilinear,7,7,0.9967821836471558,1,False,0.5,0.0,0.0
8098,0,CF4,L1,0.05,bilinear,3,3,0.9999961853027344,1,False,0.5,0.0,0.0
1105,0,CF4,L1,0.05,bilinear,1,1,0.9990928173065186,1,False,0.5,0.0,0.0
24036,0,CF4,L1,0.05,bilinear,0,0,0.9994267225265503,1,False,0.5,0.0,0.0
24825,0,CF4,L1,0.05,bilinear,1,1,0.9999984502792358,1,False,0.5,0.0,0.0
20081,0,CF4,L1,0.05,bilinear,4,1,0.6820928454399109,0,False,0.5,0.0,0.0
11780,0,CF4,L1,0.05,bilinear,5,5,0.570012092590332,1,False,0.5,0.0,0.0
18228,0,CF4,L1,0.05,bilinear,2,2,0.8513155579566956,1,False,0.5,0.0,0.0
4363,0,CF4,L1,0.05,bilinear,4,4,0.9984334111213684,1,False,0.5,0.0,0.0
10210,0,CF4,L1,0.05,bilinear,7,1,0.9330999851226807,0,False,0.5,0.0,0.0
7005,0,CF4,L1,0.05,bilinear,2,2,0.9988571405410767,1,False,0.5,0.0,0.0
7071,0,CF4,L1,0.05,bilinear,3,3,0.6760791540145874,1,False,0.5,0.0,0.0
25299,0,CF4,L1,0.05,bilinear,4,4,0.9841032028198242,1,False,0.5,0.0,0.0
3393,0,CF4,L1,0.05,bilinear,0,0,0.8048473000526428,1,False,0.5,0.0,0.0
10532,0,CF4,L1,0.05,bilinear,8,0,0.29008734226226807,0,False,0.5,0.0,0.0
14271,0,CF4,L1,0.05,bilinear,3,3,0.6053580641746521,1,False,0.5,0.0,0.0
12814,0,CF4,L1,0.05,bilinear,4,4,0.9914952516555786,1,False,0.5,0.0,0.0
1763,0,CF4,L1,0.05,bilinear,1,1,0.7853367924690247,1,False,0.5,0.0,0.0
2795,0,CF4,L1,0.05,bilinear,4,4,0.6547947525978088,1,False,0.5,0.0,0.0
5329,0,CF4,L1,0.05,bilinear,2,2,0.9857571721076965,1,False,0.5,0.0,0.0
11024,0,CF4,L1,0.05,bilinear,8,6,0.9580392837524414,0,False,0.5,0.0,0.0
23383,0,CF4,L1,0.05,bilinear,6,6,0.9731820225715637,1,False,0.5,0.0,0.0
582,0,CF4,L1,0.05,bilinear,2,2,0.971947193145752,1,False,0.5,0.0,0.0
20037,0,CF4,L1,0.05,bilinear,5,5,0.7008140087127686,1,False,0.5,0.0,0.0
4876,0,CF4,L1,0.05,bilinear,3,1,0.8020941019058228,0,False,0.5,0.0,0.0
16157,0,CF4,L1,0.05,bilinear,1,1,0.9997194409370422,1,False,0.5,0.0,0.0
24155,0,CF4,L1,0.05,bilinear,7,7,0.9998576641082764,1,False,0.5,0.0,0.0
21035,0,CF4,L1,0.05,bilinear,1,1,0.9999723434448242,1,False,0.5,0.0,0.0
2530,0,CF4,L1,0.05,bilinear,2,2,0.8453423976898193,1,False,0.5,0.0,0.0
20951,0,CF4,L1,0.05,bilinear,4,4,0.8547340631484985,1,False,0.5,0.0,0.0
9752,0,CF4,L1,0.05,bilinear,9,9,0.5137518644332886,1,False,0.5,0.0,0.0
20362,0,CF4,L1,0.05,bilinear,9,2,0.39716672897338867,0,False,0.5,0.0,0.0
5669,0,CF4,L1,0.05,bilinear,2,2,0.8476542830467224,1,False,0.5,0.0,0.0
9395,0,CF4,L1,0.05,bilinear,6,6,0.8938978910446167,1,False,0.5,0.0,0.0
22115,0,CF4,L1,0.05,bilinear,2,1,0.4693114459514618,0,False,0.5,0.0,0.0
3784,0,CF4,L1,0.05,bilinear,5,6,0.7559747695922852,0,False,0.5,0.0,0.0
15518,0,CF4,L1,0.05,bilinear,1,1,0.9755442142486572,1,False,0.5,0.0,0.0
22913,0,CF4,L1,0.05,bilinear,1,1,0.9267165660858154,1,False,0.5,0.0,0.0
22485,0,CF4,L1,0.05,bilinear,8,8,0.9876155257225037,1,False,0.5,0.0,0.0
14166,0,CF4,L1,0.05,bilinear,9,0,0.34410202503204346,0,False,0.5,0.0,0.0
4606,0,CF4,L1,0.05,bilinear,8,8,0.844959020614624,1,False,0.5,0.0,0.0
12043,0,CF4,L1,0.05,bilinear,8,8,0.27089831233024597,1,False,0.5,0.0,0.0
20255,0,CF4,L1,0.05,bilinear,9,9,0.5297520160675049,1,False,0.5,0.0,0.0
21390,0,CF4,L1,0.05,bilinear,8,6,0.47035107016563416,0,False,0.5,0.0,0.0
13388,0,CF4,L1,0.05,bilinear,6,6,0.7659716010093689,1,False,0.5,0.0,0.0
9382,0,CF4,L1,0.05,bilinear,0,0,0.9998869895935059,1,False,0.5,0.0,0.0
11878,0,CF4,L1,0.05,bilinear,4,4,0.9944037199020386,1,False,0.5,0.0,0.0
10774,0,CF4,L1,0.05,bilinear,1,1,0.9999998807907104,1,False,0.5,0.0,0.0
2211,0,CF4,L1,0.05,bilinear,4,4,0.9945479035377502,1,False,0.5,0.0,0.0
22804,0,CF4,L1,0.05,bilinear,1,1,0.9987694621086121,1,False,0.5,0.0,0.0
17903,0,CF4,L1,0.05,bilinear,3,0,0.7609239220619202,0,False,0.5,0.0,0.0
16889,0,CF4,L1,0.05,bilinear,1,1,0.8073549270629883,1,False,0.5,0.0,0.0
3013,0,CF4,L1,0.05,bilinear,8,8,0.7578572034835815,1,False,0.5,0.0,0.0
19919,0,CF4,L1,0.05,bilinear,8,8,0.5845454931259155,1,False,0.5,0.0,0.0
7911,0,CF4,L1,0.05,bilinear,0,0,0.8567587733268738,1,False,0.5,0.0,0.0
6473,0,CF4,L1,0.05,bilinear,5,5,0.9950339794158936,1,False,0.5,0.0,0.0
14963,0,CF4,L1,0.05,bilinear,2,2,0.9772083759307861,1,False,0.5,0.0,0.0
3189,0,CF4,L1,0.05,bilinear,3,1,0.9026709794998169,0,False,0.5,0.0,0.0
21433,0,CF4,L1,0.05,bilinear,6,6,0.45939722657203674,1,False,0.5,0.0,0.0
21534,0,CF4,L1,0.05,bilinear,9,9,0.9837673902511597,1,False,0.5,0.0,0.0
4378,0,CF4,L1,0.05,bilinear,4,1,0.9124621152877808,0,False,0.5,0.0,0.0
4179,0,CF4,L1,0.05,bilinear,3,3,0.9999903440475464,1,False,0.5,0.0,0.0
20275,0,CF4,L1,0.05,bilinear,7,7,0.9019680023193359,1,False,0.5,0.0,0.0
724,0,CF4,L1,0.05,bilinear,4,4,0.9524524807929993,1,False,0.5,0.0,0.0
15532,0,CF4,L1,0.05,bilinear,5,5,0.9891560077667236,1,False,0.5,0.0,0.0
7808,0,CF4,L1,0.05,bilinear,4,7,0.3970978856086731,0,False,0.5,0.0,0.0
3185,0,CF4,L1,0.05,bilinear,7,7,0.9938907623291016,1,False,0.5,0.0,0.0
8217,0,CF4,L1,0.05,bilinear,5,5,0.9211665987968445,1,False,0.5,0.0,0.0
15284,0,CF4,L1,0.05,bilinear,2,2,0.9977686405181885,1,False,0.5,0.0,0.0
2195,0,CF4,L1,0.05,bilinear,1,1,0.9923359751701355,1,False,0.5,0.0,0.0
21296,0,CF4,L1,0.05,bilinear,0,0,0.9873881936073303,1,False,0.5,0.0,0.0
14286,0,CF4,L1,0.05,bilinear,3,3,0.9601282477378845,1,False,0.5,0.0,0.0
4261,0,CF4,L1,0.05,bilinear,0,0,0.9989233613014221,1,False,0.5,0.0,0.0
24480,0,CF4,L1,0.05,bilinear,2,2,0.9974988102912903,1,False,0.5,0.0,0.0
23581,0,CF4,L1,0.05,bilinear,7,7,0.5821154117584229,1,False,0.5,0.0,0.0
24364,0,CF4,L1,0.05,bilinear,7,7,0.9969937801361084,1,False,0.5,0.0,0.0
4259,0,CF4,L1,0.05,bilinear,4,1,0.5153907537460327,0,False,0.5,0.0,0.0
4323,0,CF4,L1,0.05,bilinear,8,8,0.7558462023735046,1,False,0.5,0.0,0.0
26017,0,CF4,L1,0.05,bilinear,2,2,0.9998249411582947,1,False,0.5,0.0,0.0
4055,0,CF4,L1,0.05,bilinear,9,9,0.523358166217804,1,False,0.5,0.0,0.0
23968,0,CF4,L1,0.05,bilinear,6,6,0.9818076491355896,1,False,0.5,0.0,0.0
4914,0,CF4,L1,0.05,bilinear,2,2,0.9990553259849548,1,False,0.5,0.0,0.0
17310,0,CF4,L1,0.05,bilinear,7,7,0.42678922414779663,1,False,0.5,0.0,0.0
14981,0,CF4,L1,0.05,bilinear,2,2,0.553871750831604,1,False,0.5,0.0,0.0
7511,0,CF4,L1,0.05,bilinear,6,6,0.9157163500785828,1,False,0.5,0.0,0.0
4136,0,CF4,L1,0.05,bilinear,9,2,0.4767148494720459,0,False,0.5,0.0,0.0
8043,0,CF4,L1,0.05,bilinear,2,2,0.9879939556121826,1,False,0.5,0.0,0.0
14360,0,CF4,L1,0.05,bilinear,4,4,0.8658307194709778,1,False,0.5,0.0,0.0
6364,0,CF4,L1,0.05,bilinear,0,0,0.998177170753479,1,False,0.5,0.0,0.0
8827,0,CF4,L1,0.05,bilinear,4,4,0.7453827857971191,1,False,0.5,0.0,0.0
24886,0,CF4,L1,0.05,bilinear,9,2,0.996240496635437,0,False,0.5,0.0,0.0
21392,0,CF4,L1,0.05,bilinear,2,2,0.9969887137413025,1,False,0.5,0.0,0.0
18654,0,CF4,L1,0.05,bilinear,6,6,0.9137135148048401,1,False,0.5,0.0,0.0
21766,0,CF4,L1,0.05,bilinear,1,1,0.8104609251022339,1,False,0.5,0.0,0.0
25433,0,CF4,L1,0.05,bilinear,8,1,0.678554356098175,0,False,0.5,0.0,0.0
10927,0,CF4,L1,0.05,bilinear,8,1,0.9533023834228516,0,False,0.5,0.0,0.0
14092,0,CF4,L1,0.05,bilinear,6,6,0.9972859621047974,1,False,0.5,0.0,0.0
20936,0,CF4,L1,0.05,bilinear,9,5,0.45235130190849304,0,False,0.5,0.0,0.0
23711,0,CF4,L1,0.05,bilinear,4,4,0.6864797472953796,1,False,0.5,0.0,0.0
19260,0,CF4,L1,0.05,bilinear,7,7,0.8671322464942932,1,False,0.5,0.0,0.0
17360,0,CF4,L1,0.05,bilinear,3,1,0.7114379405975342,0,False,0.5,0.0,0.0
965,0,CF4,L1,0.05,bilinear,0,0,0.8438675403594971,1,False,0.5,0.0,0.0
463,0,CF4,L1,0.05,bilinear,6,9,0.45675066113471985,0,False,0.5,0.0,0.0
8945,0,CF4,L1,0.05,bilinear,6,6,0.567156195640564,1,False,0.5,0.0,0.0
14090,0,CF4,L1,0.05,bilinear,2,2,0.9979161620140076,1,False,0.5,0.0,0.0
8479,0,CF4,L1,0.05,bilinear,9,9,0.9956942796707153,1,False,0.5,0.0,0.0
24477,0,CF4,L1,0.05,bilinear,2,2,0.9935585856437683,1,False,0.5,0.0,0.0
8195,0,CF4,L1,0.05,bilinear,0,0,0.9998037219047546,1,False,0.5,0.0,0.0
1773,0,CF4,L1,0.05,bilinear,0,0,0.9854887127876282,1,False,0.5,0.0,0.0
11776,0,CF4,L1,0.05,bilinear,2,2,0.8054654598236084,1,False,0.5,0.0,0.0
3313,0,CF4,L1,0.05,bilinear,6,6,0.991312563419342,1,False,0.5,0.0,0.0
5424,0,CF4,L1,0.05,bilinear,9,9,0.9132546186447144,1,False,0.5,0.0,0.0
19606,0,CF4,L1,0.05,bilinear,2,2,0.8978535532951355,1,False,0.5,0.0,0.0
10110,0,CF4,L1,0.05,bilinear,9,2,0.5752543807029724,0,False,0.5,0.0,0.0
22872,0,CF4,L1,0.05,bilinear,6,7,0.4931412637233734,0,False,0.5,0.0,0.0
7573,0,CF4,L1,0.05,bilinear,1,1,0.9999657869338989,1,False,0.5,0.0,0.0
7105,0,CF4,L1,0.05,bilinear,3,3,0.9956152439117432,1,False,0.5,0.0,0.0
18854,0,CF4,L1,0.05,bilinear,1,1,0.999866247177124,1,False,0.5,0.0,0.0
14576,0,CF4,L1,0.05,bilinear,9,9,0.9959126114845276,1,False,0.5,0.0,0.0
9376,0,CF4,L1,0.05,bilinear,0,0,0.9927655458450317,1,False,0.5,0.0,0.0
20128,0,CF4,L1,0.05,bilinear,8,8,0.9966260194778442,1,False,0.5,0.0,0.0
24854,0,CF4,L1,0.05,bilinear,9,9,0.9985333681106567,1,False,0.5,0.0,0.0
4937,0,CF4,L1,0.05,bilinear,2,2,0.9032536745071411,1,False,0.5,0.0,0.0
338,0,CF4,L1,0.05,bilinear,3,3,0.938440203666687,1,False,0.5,0.0,0.0
9981,0,CF4,L1,0.05,bilinear,3,2,0.5199376940727234,0,False,0.5,0.0,0.0
6665,0,CF4,L1,0.05,bilinear,8,8,0.9534884095191956,1,False,0.5,0.0,0.0
6704,0,CF4,L1,0.05,bilinear,0,0,0.9709086418151855,1,False,0.5,0.0,0.0
23255,0,CF4,L1,0.05,bilinear,2,2,0.9992651343345642,1,False,0.5,0.0,0.0
5355,0,CF4,L1,0.05,bilinear,5,5,0.9451993107795715,1,False,0.5,0.0,0.0
22422,0,CF4,L1,0.05,bilinear,1,1,0.9908401370048523,1,False,0.5,0.0,0.0
7367,0,CF4,L1,0.05,bilinear,9,9,0.7849960923194885,1,False,0.5,0.0,0.0
13489,0,CF4,L1,0.05,bilinear,7,1,0.6726719737052917,0,False,0.5,0.0,0.0
20955,0,CF4,L1,0.05,bilinear,7,7,0.9649465084075928,1,False,0.5,0.0,0.0
25439,0,CF4,L1,0.05,bilinear,9,9,0.9999932050704956,1,False,0.5,0.0,0.0
12711,0,CF4,L1,0.05,bilinear,8,8,0.9290392994880676,1,False,0.5,0.0,0.0
7671,0,CF4,L1,0.05,bilinear,6,6,0.4832208752632141,1,False,0.5,0.0,0.0
20420,0,CF4,L1,0.05,bilinear,8,0,0.3904995322227478,0,False,0.5,0.0,0.0
12630,0,CF4,L1,0.05,bilinear,2,2,0.5150257349014282,1,False,0.5,0.0,0.0
21394,0,CF4,L1,0.05,bilinear,1,1,0.9590825438499451,1,False,0.5,0.0,0.0
7095,0,CF4,L1,0.05,bilinear,1,1,0.9227781295776367,1,False,0.5,0.0,0.0
11532,0,CF4,L1,0.05,bilinear,9,9,0.7028114199638367,1,False,0.5,0.0,0.0
2853,0,CF4,L1,0.05,bilinear,3,3,0.991415798664093,1,False,0.5,0.0,0.0
13487,0,CF4,L1,0.05,bilinear,0,0,0.9959801435470581,1,False,0.5,0.0,0.0
9350,0,CF4,L1,0.05,bilinear,9,9,0.9810134768486023,1,False,0.5,0.0,0.0
24164,0,CF4,L1,0.05,bilinear,4,4,0.9403824210166931,1,False,0.5,0.0,0.0
23155,0,CF4,L1,0.05,bilinear,7,7,0.9221310615539551,1,False,0.5,0.0,0.0
1588,0,CF4,L1,0.05,bilinear,8,3,0.34275272488594055,0,False,0.5,0.0,0.0
5400,0,CF4,L1,0.05,bilinear,5,6,0.6528679132461548,0,False,0.5,0.0,0.0
8913,0,CF4,L1,0.05,bilinear,6,6,0.9853326678276062,1,False,0.5,0.0,0.0
4990,0,CF4,L1,0.05,bilinear,8,2,0.7672312259674072,0,False,0.5,0.0,0.0
13364,0,CF4,L1,0.05,bilinear,7,7,0.9924754500389099,1,False,0.5,0.0,0.0
1157,0,CF4,L1,0.05,bilinear,1,1,0.9746052622795105,1,False,0.5,0.0,0.0
19432,0,CF4,L1,0.05,bilinear,6,6,0.9987145662307739,1,False,0.5,0.0,0.0
24861,0,CF4,L1,0.05,bilinear,1,1,0.9148921966552734,1,False,0.5,0.0,0.0
16303,0,CF4,L1,0.05,bilinear,0,0,0.7207072973251343,1,False,0.5,0.0,0.0
23675,0,CF4,L1,0.05,bilinear,1,1,0.9971244931221008,1,False,0.5,0.0,0.0
10816,0,CF4,L1,0.05,bilinear,5,5,0.8756274580955505,1,False,0.5,0.0,0.0
25683,0,CF4,L1,0.05,bilinear,7,7,0.9502976536750793,1,False,0.5,0.0,0.0
6680,0,CF4,L1,0.05,bilinear,7,7,0.8300957083702087,1,False,0.5,0.0,0.0
15541,0,CF4,L1,0.05,bilinear,1,1,0.9985501170158386,1,False,0.5,0.0,0.0
129,0,CF4,L1,0.05,bilinear,9,9,0.6887006163597107,1,False,0.5,0.0,0.0
10977,0,CF4,L1,0.05,bilinear,5,5,0.6983240842819214,1,False,0.5,0.0,0.0
7518,0,CF4,L1,0.05,bilinear,5,5,0.5567516088485718,1,False,0.5,0.0,0.0
15350,0,CF4,L1,0.05,bilinear,0,0,0.9936763644218445,1,False,0.5,0.0,0.0
4712,0,CF4,L1,0.05,bilinear,2,2,0.9987095594406128,1,False,0.5,0.0,0.0
3234,0,CF4,L1,0.05,bilinear,1,1,0.98082435131073,1,False,0.5,0.0,0.0
21292,0,CF4,L1,0.05,bilinear,8,6,0.7728701233863831,0,False,0.5,0.0,0.0
6439,0,CF4,L1,0.05,bilinear,6,3,0.5113023519515991,0,False,0.5,0.0,0.0
16930,0,CF4,L1,0.05,bilinear,4,4,0.7693394422531128,1,False,0.5,0.0,0.0
25255,0,CF4,L1,0.05,bilinear,6,2,0.44110050797462463,0,False,0.5,0.0,0.0
5562,0,CF4,L1,0.05,bilinear,6,6,0.9972035884857178,1,False,0.5,0.0,0.0
20888,0,CF4,L1,0.05,bilinear,6,6,0.8475220799446106,1,False,0.5,0.0,0.0
17907,0,CF4,L1,0.05,bilinear,0,0,0.9721435308456421,1,False,0.5,0.0,0.0
15282,0,CF4,L1,0.05,bilinear,5,6,0.7948967218399048,0,False,0.5,0.0,0.0
9564,0,CF4,L1,0.05,bilinear,5,5,0.9860072135925293,1,False,0.5,0.0,0.0
2105,0,CF4,L1,0.05,bilinear,5,6,0.5713138580322266,0,False,0.5,0.0,0.0
2188,0,CF4,L1,0.05,bilinear,5,5,0.9707499742507935,1,False,0.5,0.0,0.0
10587,0,CF4,L1,0.05,bilinear,9,9,0.8604035973548889,1,False,0.5,0.0,0.0
20421,0,CF4,L1,0.05,bilinear,8,2,0.33385080099105835,0,False,0.5,0.0,0.0
23070,0,CF4,L1,0.05,bilinear,0,0,0.9996347427368164,1,False,0.5,0.0,0.0
19127,0,CF4,L1,0.05,bilinear,6,6,0.9821434617042542,1,False,0.5,0.0,0.0
7302,0,CF4,L1,0.05,bilinear,3,3,0.9910488128662109,1,False,0.5,0.0,0.0
8409,0,CF4,L1,0.05,bilinear,4,4,0.9999986886978149,1,False,0.5,0.0,0.0
11086,0,CF4,L1,0.05,bilinear,7,7,0.9018324017524719,1,False,0.5,0.0,0.0
17122,0,CF4,L1,0.05,bilinear,5,5,0.9969889521598816,1,False,0.5,0.0,0.0
3555,0,CF4,L1,0.05,bilinear,2,2,0.9983378648757935,1,False,0.5,0.0,0.0
19437,0,CF4,L1,0.05,bilinear,4,1,0.4103458821773529,0,False,0.5,0.0,0.0
594,0,CF4,L1,0.05,bilinear,9,9,0.8566397428512573,1,False,0.5,0.0,0.0
21863,0,CF4,L1,0.05,bilinear,3,3,0.9839783310890198,1,False,0.5,0.0,0.0
19765,0,CF4,L1,0.05,bilinear,5,5,0.9911172389984131,1,False,0.5,0.0,0.0
16909,0,CF4,L1,0.05,bilinear,2,2,0.9886188507080078,1,False,0.5,0.0,0.0
21154,0,CF4,L1,0.05,bilinear,7,7,0.9971292614936829,1,False,0.5,0.0,0.0
18615,0,CF4,L1,0.05,bilinear,7,7,0.9352948665618896,1,False,0.5,0.0,0.0
18171,0,CF4,L1,0.05,bilinear,7,7,0.9978366494178772,1,False,0.5,0.0,0.0
24434,0,CF4,L1,0.05,bilinear,5,5,0.9270557761192322,1,False,0.5,0.0,0.0
9664,0,CF4,L1,0.05,bilinear,0,0,0.9897009134292603,1,False,0.5,0.0,0.0
2013,0,CF4,L1,0.05,bilinear,5,5,0.9844686388969421,1,False,0.5,0.0,0.0
13537,0,CF4,L1,0.05,bilinear,4,0,0.7314282059669495,0,False,0.5,0.0,0.0
23942,0,CF4,L1,0.05,bilinear,9,8,0.5021564364433289,0,False,0.5,0.0,0.0
12415,0,CF4,L1,0.05,bilinear,4,0,0.34279176592826843,0,False,0.5,0.0,0.0
13735,0,CF4,L1,0.05,bilinear,0,0,0.9997828602790833,1,False,0.5,0.0,0.0
6873,0,CF4,L1,0.05,bilinear,1,1,0.9997273087501526,1,False,0.5,0.0,0.0
16233,0,CF4,L1,0.05,bilinear,2,2,0.97122722864151,1,False,0.5,0.0,0.0
13108,0,CF4,L1,0.05,bilinear,5,5,0.4194880425930023,1,False,0.5,0.0,0.0
18114,0,CF4,L1,0.05,bilinear,7,7,0.9851006865501404,1,False,0.5,0.0,0.0
25318,0,CF4,L1,0.05,bilinear,0,0,0.3504459857940674,1,False,0.5,0.0,0.0
22387,0,CF4,L1,0.05,bilinear,7,2,0.6452903747558594,0,False,0.5,0.0,0.0
19911,0,CF4,L1,0.05,bilinear,7,7,0.6899630427360535,1,False,0.5,0.0,0.0
9953,0,CF4,L1,0.05,bilinear,2,2,0.9984793066978455,1,False,0.5,0.0,0.0
18500,0,CF4,L1,0.05,bilinear,1,1,0.9994716048240662,1,False,0.5,0.0,0.0
12463,0,CF4,L1,0.05,bilinear,2,1,0.555838942527771,0,False,0.5,0.0,0.0
12143,0,CF4,L1,0.05,bilinear,8,8,0.9562442898750305,1,False,0.5,0.0,0.0
14588,0,CF4,L1,0.05,bilinear,8,8,0.9779115915298462,1,False,0.5,0.0,0.0
22152,0,CF4,L1,0.05,bilinear,2,2,0.5902178883552551,1,False,0.5,0.0,0.0
16563,0,CF4,L1,0.05,bilinear,4,4,0.4984891414642334,1,False,0.5,0.0,0.0
25225,0,CF4,L1,0.05,bilinear,9,9,0.9082378149032593,1,False,0.5,0.0,0.0
1161,0,CF4,L1,0.05,bilinear,2,2,0.5139341354370117,1,False,0.5,0.0,0.0
9891,0,CF4,L1,0.05,bilinear,5,5,0.6724722385406494,1,False,0.5,0.0,0.0
18833,0,CF4,L1,0.05,bilinear,2,2,0.9724662899971008,1,False,0.5,0.0,0.0
6162,0,CF4,L1,0.05,bilinear,2,2,0.9243058562278748,1,False,0.5,0.0,0.0
22638,0,CF4,L1,0.05,bilinear,0,0,0.9661107063293457,1,False,0.5,0.0,0.0
6112,0,CF4,L1,0.05,bilinear,6,6,0.5084059238433838,1,False,0.5,0.0,0.0
24259,0,CF4,L1,0.05,bilinear,9,9,0.4336106777191162,1,False,0.5,0.0,0.0
18029,0,CF4,L1,0.05,bilinear,2,2,0.9922688603401184,1,False,0.5,0.0,0.0
13233,0,CF4,L1,0.05,bilinear,0,0,0.9144780039787292,1,False,0.5,0.0,0.0
22560,0,CF4,L1,0.05,bilinear,3,8,0.2705654203891754,0,False,0.5,0.0,0.0
17100,0,CF4,L1,0.05,bilinear,7,7,0.8498433232307434,1,False,0.5,0.0,0.0
13394,0,CF4,L1,0.05,bilinear,7,7,0.9631630778312683,1,False,0.5,0.0,0.0
25173,0,CF4,L1,0.05,bilinear,3,1,0.5014007687568665,0,False,0.5,0.0,0.0
17342,0,CF4,L1,0.05,bilinear,4,4,0.9941920638084412,1,False,0.5,0.0,0.0
5881,0,CF4,L1,0.05,bilinear,1,1,0.968958854675293,1,False,0.5,0.0,0.0
16982,0,CF4,L1,0.05,bilinear,3,1,0.7254686951637268,0,False,0.5,0.0,0.0
12959,0,CF4,L1,0.05,bilinear,2,2,0.9939824938774109,1,False,0.5,0.0,0.0
3410,0,CF4,L1,0.05,bilinear,2,2,0.9997455477714539,1,False,0.5,0.0,0.0
1939,0,CF4,L1,0.05,bilinear,2,2,0.9999810457229614,1,False,0.5,0.0,0.0
13563,0,CF4,L1,0.05,bilinear,4,1,0.5569875836372375,0,False,0.5,0.0,0.0
9659,0,CF4,L1,0.05,bilinear,4,1,0.977668285369873,0,False,0.5,0.0,0.0
23588,0,CF4,L1,0.05,bilinear,9,9,0.5390863418579102,1,False,0.5,0.0,0.0
12156,0,CF4,L1,0.05,bilinear,9,1,0.3439840078353882,0,False,0.5,0.0,0.0
24790,0,CF4,L1,0.05,bilinear,4,2,0.6290280222892761,0,False,0.5,0.0,0.0
894,0,CF4,L1,0.05,bilinear,8,8,0.8422200679779053,1,False,0.5,0.0,0.0
13738,0,CF4,L1,0.05,bilinear,7,2,0.5337808132171631,0,False,0.5,0.0,0.0
20555,0,CF4,L1,0.05,bilinear,5,5,0.7716811895370483,1,False,0.5,0.0,0.0
20457,0,CF4,L1,0.05,bilinear,3,1,0.933443009853363,0,False,0.5,0.0,0.0
24842,0,CF4,L1,0.05,bilinear,3,5,0.709941565990448,0,False,0.5,0.0,0.0
11390,0,CF4,L1,0.05,bilinear,9,9,0.29471495747566223,1,False,0.5,0.0,0.0
2665,0,CF4,L1,0.05,bilinear,9,9,0.8762043714523315,1,False,0.5,0.0,0.0
24741,0,CF4,L1,0.05,bilinear,8,2,0.7355279922485352,0,False,0.5,0.0,0.0
17634,0,CF4,L1,0.05,bilinear,8,8,0.403087317943573,1,False,0.5,0.0,0.0
16599,0,CF4,L1,0.05,bilinear,1,1,0.9897621273994446,1,False,0.5,0.0,0.0
19330,0,CF4,L1,0.05,bilinear,7,7,0.4362774193286896,1,False,0.5,0.0,0.0
3257,0,CF4,L1,0.05,bilinear,1,1,0.9970157146453857,1,False,0.5,0.0,0.0
1114,0,CF4,L1,0.05,bilinear,9,9,0.9900851249694824,1,False,0.5,0.0,0.0
11738,0,CF4,L1,0.05,bilinear,8,8,0.804316520690918,1,False,0.5,0.0,0.0
13077,0,CF4,L1,0.05,bilinear,8,8,0.9993410706520081,1,False,0.5,0.0,0.0
5168,0,CF4,L1,0.05,bilinear,3,3,0.4699782133102417,1,False,0.5,0.0,0.0
26013,0,CF4,L1,0.05,bilinear,8,8,0.9334404468536377,1,False,0.5,0.0,0.0
5611,0,CF4,L1,0.05,bilinear,7,7,0.9944514632225037,1,False,0.5,0.0,0.0
9389,0,CF4,L1,0.05,bilinear,6,6,0.810329258441925,1,False,0.5,0.0,0.0
25070,0,CF4,L1,0.05,bilinear,2,2,0.9997310042381287,1,False,0.5,0.0,0.0
11322,0,CF4,L1,0.05,bilinear,8,8,0.8841618895530701,1,False,0.5,0.0,0.0
3051,0,CF4,L1,0.05,bilinear,0,0,0.7374120354652405,1,False,0.5,0.0,0.0
18770,0,CF4,L1,0.05,bilinear,4,1,0.40324920415878296,0,False,0.5,0.0,0.0
14692,0,CF4,L1,0.05,bilinear,2,2,0.96358323097229,1,False,0.5,0.0,0.0
4561,0,CF4,L1,0.05,bilinear,5,5,0.9160684943199158,1,False,0.5,0.0,0.0
16994,0,CF4,L1,0.05,bilinear,0,0,0.999995231628418,1,False,0.5,0.0,0.0
4156,0,CF4,L1,0.05,bilinear,5,7,0.24514910578727722,0,False,0.5,0.0,0.0
5884,0,CF4,L1,0.05,bilinear,1,1,0.7457959651947021,1,False,0.5,0.0,0.0
18233,0,CF4,L1,0.05,bilinear,0,0,0.9845032691955566,1,False,0.5,0.0,0.0
17044,0,CF4,L1,0.05,bilinear,6,6,0.9889906644821167,1,False,0.5,0.0,0.0
18857,0,CF4,L1,0.05,bilinear,6,6,0.8105865120887756,1,False,0.5,0.0,0.0
21917,0,CF4,L1,0.05,bilinear,9,2,0.8601715564727783,0,False,0.5,0.0,0.0
5054,0,CF4,L1,0.05,bilinear,3,9,0.8697940707206726,0,False,0.5,0.0,0.0
7882,0,CF4,L1,0.05,bilinear,4,4,0.9248374104499817,1,False,0.5,0.0,0.0
15688,0,CF4,L1,0.05,bilinear,4,4,0.997140645980835,1,False,0.5,0.0,0.0
5612,0,CF4,L1,0.05,bilinear,8,8,0.9818890690803528,1,False,0.5,0.0,0.0
13934,0,CF4,L1,0.05,bilinear,9,9,0.7415007948875427,1,False,0.5,0.0,0.0
16689,0,CF4,L1,0.05,bilinear,2,2,0.997136116027832,1,False,0.5,0.0,0.0
23844,0,CF4,L1,0.05,bilinear,6,6,0.9472671747207642,1,False,0.5,0.0,0.0
7944,0,CF4,L1,0.05,bilinear,7,7,0.7794239521026611,1,False,0.5,0.0,0.0
11370,0,CF4,L1,0.05,bilinear,8,8,0.9978988170623779,1,False,0.5,0.0,0.0
24569,0,CF4,L1,0.05,bilinear,1,1,0.9998879432678223,1,False,0.5,0.0,0.0
7529,0,CF4,L1,0.05,bilinear,5,5,0.8588677644729614,1,False,0.5,0.0,0.0
5092,0,CF4,L1,0.05,bilinear,2,2,0.9911230802536011,1,False,0.5,0.0,0.0
20673,0,CF4,L1,0.05,bilinear,2,2,0.9999949932098389,1,False,0.5,0.0,0.0
10096,0,CF4,L1,0.05,bilinear,7,7,0.542765736579895,1,False,0.5,0.0,0.0
2059,0,CF4,L1,0.05,bilinear,3,3,0.572521448135376,1,False,0.5,0.0,0.0
19318,0,CF4,L1,0.05,bilinear,0,0,0.9997816681861877,1,False,0.5,0.0,0.0
12977,0,CF4,L1,0.05,bilinear,8,0,0.8680360317230225,0,False,0.5,0.0,0.0
17673,0,CF4,L1,0.05,bilinear,0,0,0.9378209710121155,1,False,0.5,0.0,0.0
18750,0,CF4,L1,0.05,bilinear,0,0,0.956612765789032,1,False,0.5,0.0,0.0
16728,0,CF4,L1,0.05,bilinear,3,3,0.7831493616104126,1,False,0.5,0.0,0.0
14776,0,CF4,L1,0.05,bilinear,8,8,0.9411816596984863,1,False,0.5,0.0,0.0
6941,0,CF4,L1,0.05,bilinear,9,9,0.9706738591194153,1,False,0.5,0.0,0.0
16787,0,CF4,L1,0.05,bilinear,6,8,0.48115822672843933,0,False,0.5,0.0,0.0
25932,0,CF4,L1,0.05,bilinear,5,5,0.95470130443573,1,False,0.5,0.0,0.0
614,0,CF4,L1,0.05,bilinear,0,0,0.5931272506713867,1,False,0.5,0.0,0.0
25690,0,CF4,L1,0.05,bilinear,5,5,0.7616176009178162,1,False,0.5,0.0,0.0
25968,0,CF4,L1,0.05,bilinear,5,5,0.9845012426376343,1,False,0.5,0.0,0.0
20123,0,CF4,L1,0.05,bilinear,3,3,0.9277383089065552,1,False,0.5,0.0,0.0
13341,0,CF4,L1,0.05,bilinear,5,5,0.7333644032478333,1,False,0.5,0.0,0.0
24697,0,CF4,L1,0.05,bilinear,4,4,0.99977046251297,1,False,0.5,0.0,0.0
15157,0,CF4,L1,0.05,bilinear,6,1,0.6370022296905518,0,False,0.5,0.0,0.0
23115,0,CF4,L1,0.05,bilinear,1,1,0.575822114944458,1,False,0.5,0.0,0.0
6396,0,CF4,L1,0.05,bilinear,0,0,0.9990697503089905,1,False,0.5,0.0,0.0
19142,0,CF4,L1,0.05,bilinear,4,4,0.7095144391059875,1,False,0.5,0.0,0.0
13157,0,CF4,L1,0.05,bilinear,3,2,0.7198084592819214,0,False,0.5,0.0,0.0
19866,0,CF4,L1,0.05,bilinear,1,1,0.982333779335022,1,False,0.5,0.0,0.0
25996,0,CF4,L1,0.05,bilinear,8,8,0.9996539354324341,1,False,0.5,0.0,0.0
25515,0,CF4,L1,0.05,bilinear,7,1,0.9908310174942017,0,False,0.5,0.0,0.0
12876,0,CF4,L1,0.05,bilinear,0,0,0.9860376715660095,1,False,0.5,0.0,0.0
17565,0,CF4,L1,0.05,bilinear,6,6,0.9878336191177368,1,False,0.5,0.0,0.0
17511,0,CF4,L1,0.05,bilinear,4,4,0.38508105278015137,1,False,0.5,0.0,0.0
19996,0,CF4,L1,0.05,bilinear,0,0,0.9958106279373169,1,False,0.5,0.0,0.0
12807,0,CF4,L1,0.05,bilinear,1,1,0.9999425411224365,1,False,0.5,0.0,0.0
11001,0,CF4,L1,0.05,bilinear,9,9,0.9442480206489563,1,False,0.5,0.0,0.0
13107,0,CF4,L1,0.05,bilinear,0,0,0.9999551773071289,1,False,0.5,0.0,0.0
12641,0,CF4,L1,0.05,bilinear,6,6,0.9939886331558228,1,False,0.5,0.0,0.0
22667,0,CF4,L1,0.05,bilinear,5,5,0.9956333041191101,1,False,0.5,0.0,0.0
7310,0,CF4,L1,0.05,bilinear,7,7,0.646277904510498,1,False,0.5,0.0,0.0
764,0,CF4,L1,0.05,bilinear,1,1,0.9520517587661743,1,False,0.5,0.0,0.0
14813,0,CF4,L1,0.05,bilinear,4,4,0.9661179780960083,1,False,0.5,0.0,0.0
7132,0,CF4,L1,0.05,bilinear,2,2,0.9988070726394653,1,False,0.5,0.0,0.0
23884,0,CF4,L1,0.05,bilinear,1,1,0.6850980520248413,1,False,0.5,0.0,0.0
22735,0,CF4,L1,0.05,bilinear,8,8,0.9807043671607971,1,False,0.5,0.0,0.0
12483,0,CF4,L1,0.05,bilinear,2,2,0.9893158674240112,1,False,0.5,0.0,0.0
10442,0,CF4,L1,0.05,bilinear,6,6,0.5282759070396423,1,False,0.5,0.0,0.0
3733,0,CF4,L1,0.05,bilinear,8,8,0.9954990744590759,1,False,0.5,0.0,0.0
20089,0,CF4,L1,0.05,bilinear,4,4,0.7039936184883118,1,False,0.5,0.0,0.0
20411,0,CF4,L1,0.05,bilinear,4,1,0.6835309863090515,0,False,0.5,0.0,0.0
10695,0,CF4,L1,0.05,bilinear,4,1,0.6580788493156433,0,False,0.5,0.0,0.0
11992,0,CF4,L1,0.05,bilinear,2,2,0.9999628067016602,1,False,0.5,0.0,0.0
20712,0,CF4,L1,0.05,bilinear,7,7,0.7837135195732117,1,False,0.5,0.0,0.0
6518,0,CF4,L1,0.05,bilinear,8,8,0.9392858743667603,1,False,0.5,0.0,0.0
6015,0,CF4,L1,0.05,bilinear,9,2,0.44857901334762573,0,False,0.5,0.0,0.0
8396,0,CF4,L1,0.05,bilinear,5,2,0.6640296578407288,0,False,0.5,0.0,0.0
12097,0,CF4,L1,0.05,bilinear,9,9,0.9929035305976868,1,False,0.5,0.0,0.0
12565,0,CF4,L1,0.05,bilinear,2,2,0.9844121336936951,1,False,0.5,0.0,0.0
22474,0,CF4,L1,0.05,bilinear,4,4,0.5174899101257324,1,False,0.5,0.0,0.0
25110,0,CF4,L1,0.05,bilinear,9,9,0.9890003204345703,1,False,0.5,0.0,0.0
8275,0,CF4,L1,0.05,bilinear,8,8,0.9909402132034302,1,False,0.5,0.0,0.0
3871,0,CF4,L1,0.05,bilinear,1,1,0.872502326965332,1,False,0.5,0.0,0.0
24639,0,CF4,L1,0.05,bilinear,2,2,0.996809184551239,1,False,0.5,0.0,0.0
15979,0,CF4,L1,0.05,bilinear,3,3,0.6642377972602844,1,False,0.5,0.0,0.0
24513,0,CF4,L1,0.05,bilinear,6,6,0.9979994893074036,1,False,0.5,0.0,0.0
10926,0,CF4,L1,0.05,bilinear,7,7,0.7656183242797852,1,False,0.5,0.0,0.0
25564,0,CF4,L1,0.05,bilinear,0,0,0.8817296028137207,1,False,0.5,0.0,0.0
2118,0,CF4,L1,0.05,bilinear,0,0,0.9571136236190796,1,False,0.5,0.0,0.0
4358,0,CF4,L1,0.05,bilinear,9,2,0.5695000290870667,0,False,0.5,0.0,0.0
5674,0,CF4,L1,0.05,bilinear,8,8,0.31438419222831726,1,False,0.5,0.0,0.0
3397,0,CF4,L1,0.05,bilinear,7,7,0.9788815975189209,1,False,0.5,0.0,0.0
5183,0,CF4,L1,0.05,bilinear,7,7,0.9207223057746887,1,False,0.5,0.0,0.0
7505,0,CF4,L1,0.05,bilinear,9,9,0.9976887702941895,1,False,0.5,0.0,0.0
17539,0,CF4,L1,0.05,bilinear,0,0,0.9536720514297485,1,False,0.5,0.0,0.0
23918,0,CF4,L1,0.05,bilinear,6,5,0.6991378664970398,0,False,0.5,0.0,0.0
19449,0,CF4,L1,0.05,bilinear,2,2,0.9996121525764465,1,False,0.5,0.0,0.0
18599,0,CF4,L1,0.05,bilinear,3,1,0.6362950205802917,0,False,0.5,0.0,0.0
8175,0,CF4,L1,0.05,bilinear,8,6,0.5501919388771057,0,False,0.5,0.0,0.0
18412,0,CF4,L1,0.05,bilinear,7,7,0.8718628287315369,1,False,0.5,0.0,0.0
20667,0,CF4,L1,0.05,bilinear,1,1,0.9985159039497375,1,False,0.5,0.0,0.0
8672,0,CF4,L1,0.05,bilinear,9,9,0.6136171221733093,1,False,0.5,0.0,0.0
22087,0,CF4,L1,0.05,bilinear,1,1,0.9999997615814209,1,False,0.5,0.0,0.0
6910,0,CF4,L1,0.05,bilinear,2,2,0.9917898178100586,1,False,0.5,0.0,0.0
19205,0,CF4,L1,0.05,bilinear,3,6,0.33666977286338806,0,False,0.5,0.0,0.0
10581,0,CF4,L1,0.05,bilinear,3,3,0.9455721974372864,1,False,0.5,0.0,0.0
14516,0,CF4,L1,0.05,bilinear,4,4,0.4778076410293579,1,False,0.5,0.0,0.0
22602,0,CF4,L1,0.05,bilinear,4,4,0.7874190211296082,1,False,0.5,0.0,0.0
1944,0,CF4,L1,0.05,bilinear,0,0,0.9483210444450378,1,False,0.5,0.0,0.0
19718,0,CF4,L1,0.05,bilinear,0,2,0.7590022087097168,0,False,0.5,0.0,0.0
15599,0,CF4,L1,0.05,bilinear,7,7,0.9665611386299133,1,False,0.5,0.0,0.0
16766,0,CF4,L1,0.05,bilinear,9,9,0.9522083401679993,1,False,0.5,0.0,0.0
12317,0,CF4,L1,0.05,bilinear,5,5,0.4273545444011688,1,False,0.5,0.0,0.0
6275,0,CF4,L1,0.05,bilinear,6,6,0.7233300805091858,1,False,0.5,0.0,0.0
14332,0,CF4,L1,0.05,bilinear,3,3,0.8096751570701599,1,False,0.5,0.0,0.0
25615,0,CF4,L1,0.05,bilinear,8,8,0.9772799015045166,1,False,0.5,0.0,0.0
7680,0,CF4,L1,0.05,bilinear,7,7,0.9995198249816895,1,False,0.5,0.0,0.0
22105,0,CF4,L1,0.05,bilinear,7,7,0.9944432377815247,1,False,0.5,0.0,0.0
19179,0,CF4,L1,0.05,bilinear,5,5,0.7737002968788147,1,False,0.5,0.0,0.0
22379,0,CF4,L1,0.05,bilinear,5,5,0.8853406310081482,1,False,0.5,0.0,0.0
11796,0,CF4,L1,0.05,bilinear,0,0,0.9971445202827454,1,False,0.5,0.0,0.0
16929,0,CF4,L1,0.05,bilinear,0,0,0.9999815225601196,1,False,0.5,0.0,0.0
20580,0,CF4,L1,0.05,bilinear,2,5,0.34539180994033813,0,False,0.5,0.0,0.0
21272,0,CF4,L1,0.05,bilinear,7,0,0.7764899730682373,0,False,0.5,0.0,0.0
12963,0,CF4,L1,0.05,bilinear,4,4,0.9922681450843811,1,False,0.5,0.0,0.0
15648,0,CF4,L1,0.05,bilinear,9,9,0.5823354721069336,1,False,0.5,0.0,0.0
10831,0,CF4,L1,0.05,bilinear,6,6,0.9955974221229553,1,False,0.5,0.0,0.0
12228,0,CF4,L1,0.05,bilinear,3,3,0.7479953169822693,1,False,0.5,0.0,0.0
2242,0,CF4,L1,0.05,bilinear,7,9,0.3715099096298218,0,False,0.5,0.0,0.0
25443,0,CF4,L1,0.05,bilinear,3,3,0.9999994039535522,1,False,0.5,0.0,0.0
23913,0,CF4,L1,0.05,bilinear,1,1,0.994084894657135,1,False,0.5,0.0,0.0
18452,0,CF4,L1,0.05,bilinear,1,1,0.9983843564987183,1,False,0.5,0.0,0.0
12210,0,CF4,L1,0.05,bilinear,0,0,0.999774158000946,1,False,0.5,0.0,0.0
3532,0,CF4,L1,0.05,bilinear,6,6,0.5426303148269653,1,False,0.5,0.0,0.0
13678,0,CF4,L1,0.05,bilinear,9,9,0.9948744177818298,1,False,0.5,0.0,0.0
21370,0,CF4,L1,0.05,bilinear,5,8,0.7299765348434448,0,False,0.5,0.0,0.0
23728,0,CF4,L1,0.05,bilinear,9,9,0.9994751811027527,1,False,0.5,0.0,0.0
7460,0,CF4,L1,0.05,bilinear,0,0,0.9996445178985596,1,False,0.5,0.0,0.0
25354,0,CF4,L1,0.05,bilinear,2,2,0.9837310314178467,1,False,0.5,0.0,0.0
18984,0,CF4,L1,0.05,bilinear,8,8,0.8999559283256531,1,False,0.5,0.0,0.0
12422,0,CF4,L1,0.05,bilinear,6,6,0.9996947050094604,1,False,0.5,0.0,0.0
7413,0,CF4,L1,0.05,bilinear,4,4,0.45692333579063416,1,False,0.5,0.0,0.0
