patch_id,true_label,prediction,confidence,correct
17222,8,8,0.9876255393028259,1
7987,4,4,0.3820127546787262,1
14403,1,1,0.5155961513519287,1
12904,1,1,0.7743022441864014,1
1024,2,2,0.7671308517456055,1
15700,3,0,0.9999986886978149,0
12639,7,7,0.8140097856521606,1
20658,4,2,0.3932986259460449,0
2642,7,7,0.7387819290161133,1
9392,9,9,0.9784642457962036,1
23357,5,5,0.5313583016395569,1
15977,0,0,0.7592491507530212,1
10440,0,0,0.9992409944534302,1
14216,3,3,0.8338750600814819,1
18353,7,7,0.937050998210907,1
17404,3,9,0.5193124413490295,0
8424,8,8,0.4930609166622162,1
4744,8,8,0.5617331862449646,1
18797,7,7,0.9996044039726257,1
3156,7,7,0.9910679459571838,1
17024,2,2,0.9463544487953186,1
7807,8,8,0.9626466631889343,1
138,0,0,0.9985016584396362,1
20222,2,2,0.9999850988388062,1
24734,9,0,0.6591763496398926,0
8909,0,0,0.9301065802574158,1
4684,1,1,0.9993523955345154,1
15978,6,6,0.79891437292099,1
21495,7,7,0.8601305484771729,1
5107,6,1,0.37262028455734253,0
1914,2,2,0.8763921856880188,1
21307,1,1,0.9999926090240479,1
7178,4,4,0.7391139268875122,1
13264,4,6,0.4837999939918518,0
21507,1,1,0.997870683670044,1
8399,9,2,0.6153598427772522,0
4384,0,0,0.9994827508926392,1
5820,0,1,0.7648020386695862,0
22865,0,0,0.975706934928894,1
65,0,0,0.6999176740646362,1
15494,6,6,0.717950701713562,1
2327,5,5,0.9488083124160767,1
24596,7,6,0.7570434808731079,0
3825,5,5,0.6735329627990723,1
17168,7,7,0.9334782361984253,1
4357,3,3,0.5488898158073425,1
2364,9,9,0.8727533221244812,1
8703,9,9,0.9854447245597839,1
19390,9,9,0.9826059341430664,1
17853,6,2,0.36038628220558167,0
4930,4,1,0.7640096545219421,0
5314,8,8,0.7708578109741211,1
4478,8,8,0.9141977429389954,1
23679,4,1,0.8134462833404541,0
5449,1,1,0.9020047187805176,1
24183,0,0,0.9260061979293823,1
20842,3,3,0.9753409624099731,1
18825,9,0,0.6639359593391418,0
6265,1,1,0.9071165919303894,1
24932,4,2,0.43250319361686707,0
14427,8,9,0.493257075548172,0
3740,7,7,0.9920925498008728,1
16809,9,2,0.4831908643245697,0
1136,1,1,0.7950604557991028,1
25757,5,5,0.9829970598220825,1
7356,4,4,0.6053727865219116,1
12298,0,0,0.9890120029449463,1
5700,3,3,0.37203893065452576,1
22753,6,6,0.8423012495040894,1
16813,6,6,0.5391468405723572,1
7373,8,8,0.8037399649620056,1
20149,2,2,0.7591545581817627,1
15874,9,9,0.9891501069068909,1
26011,0,0,0.9049282670021057,1
4196,9,9,0.5876721739768982,1
11227,3,3,0.7618898749351501,1
15736,3,3,0.9906883239746094,1
6339,6,6,0.7742800116539001,1
25704,2,2,0.9788939356803894,1
3190,7,7,0.8981755971908569,1
737,4,4,0.7852899432182312,1
22875,9,9,0.9601803421974182,1
22749,3,3,0.8398603796958923,1
22998,3,3,0.962465763092041,1
24210,5,5,0.9439120888710022,1
6800,4,4,0.915861964225769,1
16602,9,9,0.4750670790672302,1
10822,6,6,0.7443909645080566,1
12822,1,1,0.9999836683273315,1
12758,5,5,0.9616631865501404,1
21144,4,4,0.9698120951652527,1
4900,6,6,0.4086335301399231,1
22888,9,9,0.9990938901901245,1
19935,9,9,0.5979418158531189,1
21896,7,7,0.9855851531028748,1
3475,3,3,0.8863848447799683,1
16171,0,0,0.9999443292617798,1
4672,4,7,0.9068973064422607,0
10146,2,2,0.9999481439590454,1
9207,7,7,0.8098300099372864,1
17745,9,2,0.9997989535331726,0
432,7,7,0.9144126772880554,1
6608,4,4,0.9923256635665894,1
25769,9,9,0.9985849857330322,1
14774,3,3,0.849000871181488,1
21627,4,4,0.8087117671966553,1
8133,2,2,0.9999454021453857,1
12554,4,4,0.9995251893997192,1
10856,1,1,0.9692608714103699,1
15931,3,3,0.9941217303276062,1
2367,2,2,0.6105855107307434,1
25563,7,7,0.7967458367347717,1
6748,2,2,0.9901148080825806,1
5368,8,8,0.9914219975471497,1
25951,6,6,0.9852918386459351,1
22082,7,7,0.9996141195297241,1
19301,4,4,0.9955902099609375,1
13302,4,4,0.9900151491165161,1
15358,0,0,0.8150907754898071,1
23572,2,2,0.9259786009788513,1
14736,4,4,0.9960883855819702,1
16685,2,2,0.9542669057846069,1
21902,7,7,0.6287052631378174,1
6713,5,6,0.5062787532806396,0
8771,4,4,0.9864580035209656,1
20264,3,5,0.6113690137863159,0
24489,1,1,0.9999971389770508,1
24852,1,4,0.8023180365562439,0
6746,1,1,0.8368954062461853,1
5951,5,5,0.7133839130401611,1
6438,4,4,0.9995001554489136,1
11126,9,6,0.7169678807258606,0
24241,3,3,0.9338211417198181,1
23621,6,6,0.8254292607307434,1
14358,6,6,0.59989333152771,1
19003,6,6,0.562979519367218,1
3760,9,9,0.5356195569038391,1
1155,5,5,0.9973775148391724,1
22044,8,7,0.26265597343444824,0
17521,4,4,0.9032138586044312,1
15177,9,9,0.6791645288467407,1
21080,0,0,0.9989343285560608,1
4507,5,5,0.7971886992454529,1
10600,7,7,0.9918308854103088,1
11754,1,1,0.9997356534004211,1
22934,4,4,0.9671062231063843,1
19094,3,3,0.9987809062004089,1
25246,7,7,0.9137285351753235,1
14745,2,2,0.9999942779541016,1
3177,8,9,0.5636274218559265,0
13870,5,1,0.35763314366340637,0
5605,6,6,0.9460509419441223,1
5202,8,8,0.9953437447547913,1
8800,5,5,0.9955735206604004,1
645,3,3,0.995205283164978,1
16077,5,5,0.9906386137008667,1
15336,5,5,0.7987116575241089,1
20933,0,0,0.9251403212547302,1
10580,8,8,0.8904821276664734,1
25902,6,6,0.9528754949569702,1
4666,8,8,0.9999908208847046,1
14541,4,4,0.9867969751358032,1
7374,5,5,0.8276991844177246,1
4697,5,0,0.39887022972106934,0
6317,5,5,0.7302765250205994,1
16623,6,6,0.800311803817749,1
16511,6,9,0.4194541275501251,0
16162,3,9,0.5089921951293945,0
5989,1,1,0.9029147624969482,1
18753,5,5,0.9982277750968933,1
20853,4,4,0.7046655416488647,1
16556,0,0,0.9744235873222351,1
7019,9,9,0.9355165958404541,1
3090,6,6,0.9959951639175415,1
14680,3,3,0.9813438653945923,1
869,3,3,0.4897940754890442,1
7595,6,6,0.9020170569419861,1
14417,1,1,0.9642949104309082,1
13624,9,9,0.9868171811103821,1
21083,0,0,0.9988347887992859,1
7556,1,1,0.9966710209846497,1
9289,8,8,0.851162314414978,1
19944,3,3,0.9149965643882751,1
6057,1,1,0.9961839318275452,1
23029,8,0,0.5911746621131897,0
23668,5,5,0.9518734216690063,1
13115,8,8,0.9795753359794617,1
20635,3,3,0.4829248785972595,1
4281,4,4,0.9970294237136841,1
4139,9,2,0.4971296787261963,0
10652,1,1,0.8883607983589172,1
700,1,1,0.9983466863632202,1
5772,3,3,0.3875454068183899,1
8114,9,9,0.8248490691184998,1
5964,6,6,0.6725310683250427,1
17278,7,7,0.7483607530593872,1
9961,0,0,0.5874541997909546,1
25974,7,7,0.9999576807022095,1
14317,3,3,0.9510866403579712,1
6485,0,0,0.9999890327453613,1
18287,0,0,0.9911485910415649,1
11840,4,4,0.932607114315033,1
864,0,0,0.9983260035514832,1
20612,1,1,0.7543981075286865,1
21079,1,1,0.9999293088912964,1
11286,5,5,0.9922858476638794,1
788,0,0,0.9865750670433044,1
15932,3,3,0.8801295757293701,1
18511,3,3,0.9978784322738647,1
21576,5,1,0.38615766167640686,0
17237,2,2,0.9992961883544922,1
2966,2,2,0.9999994039535522,1
16416,5,5,0.9972598552703857,1
1280,5,5,0.8931750655174255,1
24928,0,0,0.9408737421035767,1
23837,1,1,0.8865947127342224,1
20230,1,1,0.9986667633056641,1
23434,5,5,0.9949901700019836,1
20522,6,2,0.39085811376571655,0
7789,3,7,0.3043127655982971,0
22086,6,6,0.991541862487793,1
21339,0,0,0.9998236298561096,1
6830,9,9,0.9999973773956299,1
20902,2,2,0.993120551109314,1
17481,5,5,0.9903984069824219,1
3050,6,6,0.6107998490333557,1
409,1,4,0.6110694408416748,0
14823,7,7,0.9417218565940857,1
22892,9,1,0.3516276180744171,0
9470,8,8,0.5773556232452393,1
9543,6,8,0.4321165978908539,0
22090,5,5,0.9939427971839905,1
6045,6,6,0.991640567779541,1
317,8,8,0.9778884649276733,1
15812,0,0,0.9969490170478821,1
18170,9,9,0.9791983366012573,1
14781,0,0,0.9133290648460388,1
17886,9,9,0.9872872829437256,1
20049,3,0,0.9162170886993408,0
13283,0,0,0.9654252529144287,1
25830,5,5,0.9994183778762817,1
14277,9,9,0.9649532437324524,1
5908,1,1,0.9999744892120361,1
9731,8,8,0.8836206197738647,1
14180,9,9,0.9967279434204102,1
9246,2,2,0.9987572431564331,1
1656,2,2,0.3947537839412689,1
17712,1,1,0.8388549089431763,1
25544,9,9,0.6977245807647705,1
1120,5,5,0.9986280202865601,1
1298,6,6,0.850304901599884,1
25570,2,2,0.9982612729072571,1
5370,7,7,0.8202796578407288,1
19075,2,2,0.9909234642982483,1
8583,0,0,0.25234946608543396,1
2133,0,2,0.29300710558891296,0
1982,2,2,0.8177027702331543,1
950,8,8,0.47352343797683716,1
19563,4,4,0.9881970286369324,1
21023,6,6,0.9895546436309814,1
15687,0,0,0.8026925921440125,1
6444,6,6,0.9739075899124146,1
15735,4,4,0.9990494847297668,1
10651,0,0,0.8553879261016846,1
13256,1,1,0.9998646974563599,1
16855,6,5,0.3017311096191406,0
14884,9,9,0.9844227433204651,1
21884,6,6,0.8456795811653137,1
5078,3,3,0.7750617265701294,1
20419,9,9,0.5104877948760986,1
20521,5,5,0.9638482928276062,1
23257,5,5,0.854497492313385,1
17190,2,2,0.9860868453979492,1
15631,8,8,0.9895602464675903,1
504,0,0,0.9824124574661255,1
14990,3,3,0.9996895790100098,1
24512,8,8,0.9078494310379028,1
23120,7,7,0.8027327060699463,1
3357,2,2,0.9972063899040222,1
8088,1,1,0.9486067295074463,1
21849,9,9,0.7178224921226501,1
13683,0,0,0.996239423751831,1
22718,9,3,0.7016189694404602,0
9927,4,4,0.9169467091560364,1
11425,0,0,0.9995774626731873,1
14578,0,0,0.8825226426124573,1
25481,8,8,0.6360434889793396,1
11269,5,5,0.9979941844940186,1
12877,5,5,0.950412392616272,1
22531,9,9,0.32858097553253174,1
13150,3,1,0.4138033390045166,0
5654,8,8,0.8069116473197937,1
1286,7,7,0.9951519966125488,1
1652,1,1,0.9999604225158691,1
22335,2,2,0.9645060300827026,1
23848,3,3,0.9357885718345642,1
2892,6,6,0.9913785457611084,1
16530,8,8,0.8909851312637329,1
12848,8,8,0.9889698028564453,1
7330,7,7,0.9715638756752014,1
3676,1,1,0.9356843829154968,1
19966,8,8,0.8668537735939026,1
8382,5,6,0.8448611497879028,0
19660,7,7,0.4301672875881195,1
2508,9,9,0.8353756070137024,1
2360,4,4,0.7852320671081543,1
16796,1,1,0.9997455477714539,1
23426,9,9,0.3287085294723511,1
15590,2,9,0.7875293493270874,0
6302,3,3,0.6844892501831055,1
24519,7,7,0.795409619808197,1
23276,2,2,0.7216730117797852,1
24566,8,8,0.9789340496063232,1
20978,1,4,0.7322052121162415,0
8990,3,3,0.8954062461853027,1
11061,7,7,0.7942808270454407,1
7075,9,5,0.787192165851593,0
17641,2,2,0.9999336004257202,1
12077,9,9,0.9995915293693542,1
1779,7,7,0.9981928467750549,1
11519,4,4,0.8366233110427856,1
8549,3,3,0.8593425154685974,1
14623,6,6,0.5125199556350708,1
10846,3,3,0.9985319375991821,1
16289,3,3,0.9274840354919434,1
12311,8,8,0.8960205316543579,1
6068,8,8,0.9064818024635315,1
9629,6,6,0.8609312176704407,1
19560,3,9,0.5906969308853149,0
10379,8,8,0.9777137637138367,1
6499,9,6,0.8599568605422974,0
1159,0,0,0.9984136819839478,1
4366,7,7,0.9990891218185425,1
8397,1,0,0.7844362258911133,0
20905,9,9,0.4401932954788208,1
15746,5,5,0.9442801475524902,1
9402,3,8,0.9695867896080017,0
8164,2,0,0.598573625087738,0
510,5,5,0.8218980431556702,1
24070,9,1,0.7231168150901794,0
2401,4,4,0.9893060326576233,1
12147,3,3,0.6021615266799927,1
14499,6,6,0.7004116177558899,1
3530,6,6,0.9959747195243835,1
14723,7,2,0.48748981952667236,0
4435,3,3,0.9494609236717224,1
22852,2,2,0.7743650674819946,1
8461,3,3,0.9993197917938232,1
21972,7,7,0.999710738658905,1
5410,4,4,0.925826370716095,1
17754,6,6,0.9811274409294128,1
15311,2,2,0.9998303651809692,1
15185,1,1,0.974316418170929,1
5663,4,4,0.7495676279067993,1
6247,6,6,0.9967164397239685,1
15287,0,4,0.613973081111908,0
19902,0,0,0.9955312609672546,1
25188,4,4,0.6239197850227356,1
11195,8,8,0.6073664426803589,1
4828,7,1,0.529181957244873,0
23751,5,5,0.9486773014068604,1
9464,3,1,0.5489189624786377,0
25723,0,0,0.9907989501953125,1
16859,5,5,0.9865087866783142,1
3601,1,1,0.9997565150260925,1
11679,6,6,0.9836742877960205,1
12135,7,1,0.5537713170051575,0
16329,1,1,0.761547863483429,1
94,4,4,0.4915512502193451,1
14517,9,5,0.45275208353996277,0
16852,3,3,0.994485080242157,1
6852,6,6,0.56424480676651,1
24858,3,3,0.9855751991271973,1
297,9,9,0.8923147320747375,1
12339,2,2,0.9996864795684814,1
20811,8,8,0.9471630454063416,1
12439,5,5,0.8806349635124207,1
16632,9,0,0.9481300115585327,0
5798,4,9,0.41775450110435486,0
18458,3,3,0.9807351231575012,1
6105,5,5,0.9289650321006775,1
10321,6,6,0.9263936281204224,1
21771,7,7,0.9933388829231262,1
22194,0,0,0.9887173175811768,1
6,9,9,0.7194887399673462,1
912,7,7,0.9873983860015869,1
16910,5,5,0.9110358953475952,1
18738,7,7,0.9986151456832886,1
18020,9,9,0.9316241145133972,1
3462,8,8,0.3695351183414459,1
5696,1,0,0.31992530822753906,0
15066,3,3,0.9809153079986572,1
10653,9,9,0.8489125967025757,1
13337,2,2,0.9999971389770508,1
12340,5,5,0.9956847429275513,1
9536,0,0,0.9994254112243652,1
3566,4,4,0.6393680572509766,1
20090,4,4,0.937308669090271,1
211,0,0,0.9506075978279114,1
55,8,6,0.7150030136108398,0
1477,2,5,0.2575739622116089,0
25898,0,6,0.8574433922767639,0
25713,0,0,0.7180364727973938,1
18055,3,3,0.9973575472831726,1
17461,3,3,0.9476966261863708,1
14237,7,7,0.708590567111969,1
13858,1,1,0.9984118938446045,1
12386,5,5,0.790374755859375,1
7223,9,9,0.9897233247756958,1
3153,5,5,0.716693639755249,1
23265,8,8,0.7202445864677429,1
9465,0,0,0.6310444474220276,1
7419,0,0,0.9985198378562927,1
4722,6,6,0.7890957593917847,1
23448,6,0,0.9307020902633667,0
8222,2,2,0.9699892997741699,1
20898,8,8,0.9855062961578369,1
23313,2,2,0.9993614554405212,1
13426,2,2,0.9920319318771362,1
25136,4,4,0.9999115467071533,1
9268,4,4,0.9986750483512878,1
3892,1,1,0.9995347261428833,1
4115,3,0,0.6392914652824402,0
5166,7,7,0.9960770010948181,1
14984,3,9,0.46669307351112366,0
10520,1,1,0.8986101150512695,1
4379,2,2,0.9999535083770752,1
8937,1,1,0.9876906871795654,1
17550,9,9,0.9992139339447021,1
19085,9,9,0.9817392230033875,1
17902,6,6,0.7662445902824402,1
14780,8,3,0.652426540851593,0
8401,0,0,0.9961135387420654,1
11230,2,2,0.9814638495445251,1
1772,3,3,0.9922412633895874,1
13326,4,4,0.9996292591094971,1
15230,5,2,0.8916899561882019,0
20557,0,0,0.9920702576637268,1
9555,1,1,0.9995929598808289,1
3667,6,6,0.9667391180992126,1
5316,5,5,0.8641563653945923,1
3606,5,5,0.3684079647064209,1
25776,6,6,0.9776597619056702,1
22231,1,1,0.999788224697113,1
10855,7,7,0.9994171857833862,1
130,6,6,0.9989049434661865,1
434,8,8,0.4397127628326416,1
5308,5,9,0.2583030164241791,0
17682,4,4,0.6913636326789856,1
16682,8,8,0.9511816501617432,1
12660,5,5,0.9641260504722595,1
21362,5,5,0.9954777359962463,1
15483,4,4,0.8618879318237305,1
5289,5,5,0.43748739361763,1
19757,1,1,0.9986284971237183,1
6799,2,2,0.996181845664978,1
18871,2,2,0.9993607401847839,1
4740,3,3,0.9440056681632996,1
14926,5,5,0.9303879737854004,1
3549,4,4,0.6780743598937988,1
13336,9,9,0.49930283427238464,1
8302,3,2,0.46145883202552795,0
19884,8,8,0.7180612683296204,1
6927,1,1,0.9775159358978271,1
15277,6,6,0.9881646633148193,1
20278,3,3,0.9606167674064636,1
654,8,8,0.9603007435798645,1
19020,0,0,0.9788917303085327,1
25403,3,3,0.8467642664909363,1
1745,8,8,0.914613664150238,1
10726,4,4,0.9654534459114075,1
23431,4,4,0.9997885823249817,1
231,5,5,0.9950827360153198,1
20678,7,7,0.984377384185791,1
15851,1,1,0.9992480874061584,1
24015,0,0,0.9999580383300781,1
1082,6,6,0.501171886920929,1
5573,8,8,0.3800402581691742,1
11289,1,1,0.9997770190238953,1
1751,0,0,0.5992420315742493,1
4594,6,6,0.9903717041015625,1
21127,8,8,0.9790614247322083,1
12370,4,4,0.9434809684753418,1
4125,6,6,0.9983317255973816,1
11008,1,1,0.9920474290847778,1
23395,7,7,0.9911625385284424,1
3080,3,3,0.9931744933128357,1
22400,0,0,0.9999935626983643,1
22514,1,1,0.9774883985519409,1
15137,0,0,0.9975076913833618,1
6681,0,0,0.9966037273406982,1
5219,5,5,0.37547698616981506,1
2355,2,2,0.9104422330856323,1
4674,5,3,0.5844364166259766,0
14575,1,1,0.9999996423721313,1
6563,5,5,0.9178408980369568,1
17492,9,9,0.5423204898834229,1
15770,7,7,0.9902539849281311,1
20830,1,1,0.9989407658576965,1
1777,2,2,0.999043881893158,1
21617,7,7,0.9983062744140625,1
21293,4,6,0.2835693061351776,0
14504,0,3,0.4947856664657593,0
21236,7,7,0.9978208541870117,1
18558,4,4,0.9928656816482544,1
22916,8,8,0.6349797248840332,1
18760,6,2,0.9536153674125671,0
17389,8,8,0.85763019323349,1
13155,8,8,0.45380446314811707,1
13999,5,5,0.9628926515579224,1
10265,8,8,0.9724650382995605,1
17239,2,2,0.9999483823776245,1
6288,3,3,0.5347967147827148,1
11514,6,6,0.6605327725410461,1
23652,1,1,0.9998705387115479,1
11939,6,6,0.9972479939460754,1
2174,7,7,0.9195597767829895,1
15441,4,4,0.9941592216491699,1
12260,1,1,0.9636335968971252,1
25046,6,6,0.8850532174110413,1
13958,9,9,0.508264422416687,1
20974,8,8,0.7659522294998169,1
10626,6,6,0.9260087609291077,1
22545,5,5,0.9241749048233032,1
20288,5,5,0.575097918510437,1
13790,7,7,0.9983952641487122,1
2817,4,4,0.7928885817527771,1
8344,4,4,0.9978717565536499,1
11708,1,1,0.9998028874397278,1
2379,1,1,0.9587058424949646,1
23602,2,2,0.989719033241272,1
24357,8,6,0.5259432792663574,0
16783,4,4,0.993498682975769,1
11723,9,9,0.9937194585800171,1
5140,5,5,0.9750229716300964,1
14563,1,1,0.999927282333374,1
11905,7,7,0.5477089881896973,1
4657,5,5,0.9687840342521667,1
9888,7,7,0.9942402839660645,1
22827,6,6,0.840935230255127,1
23911,7,7,0.9986342787742615,1
968,3,3,0.8296977281570435,1
18416,2,2,0.9699603319168091,1
15166,7,7,0.9910902976989746,1
15537,6,6,0.3593558371067047,1
112,6,6,0.9461341500282288,1
9754,8,8,0.9876214861869812,1
3827,1,1,0.9953416585922241,1
16427,8,8,0.9471111297607422,1
4853,8,1,0.5143071413040161,0
5025,8,2,0.3841949999332428,0
5497,5,5,0.7541778087615967,1
415,5,5,0.8646368384361267,1
6055,2,2,0.9999688863754272,1
4242,6,5,0.7191376090049744,0
16007,3,3,0.9957068562507629,1
16184,6,6,0.9127025604248047,1
15180,2,2,0.7423248291015625,1
16402,3,3,0.999279797077179,1
12883,7,7,0.9815195798873901,1
12596,2,2,0.999970555305481,1
13383,0,0,0.9997633099555969,1
17140,0,0,0.99383944272995,1
11249,7,7,0.9801114201545715,1
2927,3,3,0.979627251625061,1
13380,3,3,0.9429082870483398,1
24593,5,5,0.9827500581741333,1
14507,8,3,0.4348772466182709,0
9355,8,8,0.8053632974624634,1
3943,3,3,0.8252568244934082,1
4913,4,4,0.9843273758888245,1
23440,4,4,0.45397013425827026,1
19289,7,7,0.981623649597168,1
17841,6,6,0.9804714918136597,1
18139,0,0,0.9464300274848938,1
18549,7,7,0.999864935874939,1
7215,7,7,0.9999938011169434,1
10574,7,7,0.7211539149284363,1
10329,7,7,0.5331403017044067,1
21502,4,4,0.9795006513595581,1
1209,8,8,0.7704067230224609,1
22202,6,6,0.9594234824180603,1
12914,2,2,0.8777880668640137,1
23477,6,6,0.9622841477394104,1
13286,5,5,0.8488547801971436,1
24957,2,2,0.999175488948822,1
23215,9,9,0.8659520149230957,1
8171,3,3,0.8069730401039124,1
13427,4,4,0.9891479015350342,1
1985,9,9,0.9427125453948975,1
19607,1,1,0.80865079164505,1
15138,4,4,0.9121737480163574,1
18496,3,3,0.9955471754074097,1
11341,5,5,0.6849440932273865,1
3210,6,5,0.5096427798271179,0
9044,3,3,0.9742897152900696,1
1784,1,1,0.8106935024261475,1
20687,7,7,0.9974247217178345,1
21479,1,1,0.9998021721839905,1
4465,7,7,0.9993599057197571,1
8098,3,3,0.9999982118606567,1
1105,1,1,0.9948434829711914,1
24036,0,0,0.9987832903862,1
24825,1,1,0.9999920129776001,1
20081,4,4,0.7770900726318359,1
11780,5,5,0.8037219047546387,1
18228,2,2,0.804243803024292,1
4363,4,4,0.9986860156059265,1
10210,7,1,0.8554728031158447,0
7005,2,2,0.9987983703613281,1
7071,3,3,0.7599986791610718,1
25299,4,4,0.9885010719299316,1
3393,0,0,0.7767355442047119,1
10532,8,9,0.3759531080722809,0
14271,3,3,0.7432793378829956,1
12814,4,4,0.9982543587684631,1
1763,1,1,0.7130497097969055,1
2795,4,4,0.9425950050354004,1
5329,2,2,0.9578570127487183,1
11024,8,6,0.9531762599945068,0
23383,6,6,0.9535107612609863,1
582,2,2,0.9746739268302917,1
20037,5,5,0.8969135284423828,1
4876,3,3,0.6087052226066589,1
16157,1,1,0.9995328187942505,1
24155,7,7,0.9999406337738037,1
21035,1,1,0.9999176263809204,1
2530,2,2,0.7658757567405701,1
20951,4,4,0.992608368396759,1
9752,9,9,0.6242532730102539,1
20362,9,8,0.5612600445747375,0
5669,2,2,0.9445039629936218,1
9395,6,6,0.8502626419067383,1
22115,2,2,0.5446627140045166,1
3784,5,5,0.6208690404891968,1
15518,1,1,0.9381483197212219,1
22913,1,1,0.6021315455436707,1
22485,8,8,0.9915819764137268,1
14166,9,9,0.5483494997024536,1
4606,8,8,0.7793593406677246,1
12043,8,8,0.3308503329753876,1
20255,9,9,0.9706016182899475,1
21390,8,6,0.5137212872505188,0
13388,6,6,0.8624639511108398,1
9382,0,0,0.9991876482963562,1
11878,4,4,0.9975348711013794,1
10774,1,1,0.9999997615814209,1
2211,4,4,0.9990824460983276,1
22804,1,1,0.9907628893852234,1
17903,3,0,0.49555709958076477,0
16889,1,1,0.5685186982154846,1
3013,8,8,0.8279637098312378,1
19919,8,8,0.5339069962501526,1
7911,0,0,0.7861554622650146,1
6473,5,5,0.9930216670036316,1
14963,2,2,0.9382179975509644,1
3189,3,3,0.8638140559196472,1
21433,6,6,0.8070217967033386,1
21534,9,9,0.9994152784347534,1
4378,4,4,0.7086411118507385,1
4179,3,3,0.9999864101409912,1
20275,7,7,0.891028106212616,1
724,4,4,0.9485597610473633,1
15532,5,5,0.9951783418655396,1
7808,4,3,0.5641754865646362,0
3185,7,7,0.9988836646080017,1
8217,5,5,0.9534567594528198,1
15284,2,2,0.9948393702507019,1
2195,1,1,0.9257514476776123,1
21296,0,0,0.9696874618530273,1
14286,3,3,0.9880388379096985,1
4261,0,0,0.9998148083686829,1
24480,2,2,0.9997424483299255,1
23581,7,7,0.9920877814292908,1
24364,7,7,0.998046875,1
4259,4,4,0.9016639590263367,1
4323,8,8,0.6871829628944397,1
26017,2,2,0.9999567270278931,1
4055,9,9,0.43417030572891235,1
23968,6,6,0.9807850122451782,1
4914,2,2,0.9980584979057312,1
17310,7,7,0.5682047009468079,1
14981,2,2,0.5862202644348145,1
7511,6,6,0.9270936846733093,1
4136,9,9,0.988594651222229,1
8043,2,2,0.9837312698364258,1
14360,4,4,0.9878591895103455,1
6364,0,0,0.9983572363853455,1
8827,4,4,0.955525279045105,1
24886,9,2,0.9943997263908386,0
21392,2,2,0.9976170063018799,1
18654,6,6,0.9499351978302002,1
21766,1,1,0.545508861541748,1
25433,8,1,0.3882902264595032,0
10927,8,1,0.7775195837020874,0
14092,6,6,0.9982593655586243,1
20936,9,5,0.7428403496742249,0
23711,4,4,0.9760501980781555,1
19260,7,7,0.9557945132255554,1
17360,3,3,0.9449994564056396,1
965,0,0,0.9034788608551025,1
463,6,9,0.4521889090538025,0
8945,6,5,0.49901679158210754,0
14090,2,2,0.9975370168685913,1
8479,9,9,0.9965088963508606,1
24477,2,2,0.9971489310264587,1
8195,0,0,0.9996562004089355,1
1773,0,0,0.9766280651092529,1
11776,2,2,0.4076518714427948,1
3313,6,6,0.9916165471076965,1
5424,9,9,0.9457393884658813,1
19606,2,2,0.9231324791908264,1
10110,9,9,0.9796629548072815,1
22872,6,7,0.8971131443977356,0
7573,1,1,0.999956488609314,1
7105,3,3,0.9978411197662354,1
18854,1,1,0.9980757236480713,1
14576,9,9,0.9998553991317749,1
9376,0,0,0.9938947558403015,1
20128,8,8,0.9977139234542847,1
24854,9,9,0.9999462366104126,1
4937,2,2,0.8497182726860046,1
338,3,3,0.9808985590934753,1
9981,3,3,0.6524746417999268,1
6665,8,8,0.9723347425460815,1
6704,0,0,0.9792885184288025,1
23255,2,2,0.9999109506607056,1
5355,5,5,0.9611829519271851,1
22422,1,1,0.9231258630752563,1
7367,9,9,0.8950216174125671,1
13489,7,7,0.622531533241272,1
20955,7,7,0.9931744933128357,1
25439,9,9,0.9999971389770508,1
12711,8,8,0.929095983505249,1
7671,6,6,0.6474481821060181,1
20420,8,9,0.493249773979187,0
12630,2,7,0.3234831392765045,0
21394,1,1,0.949492335319519,1
7095,1,1,0.9212281703948975,1
11532,9,9,0.9427443742752075,1
2853,3,3,0.9970707893371582,1
13487,0,0,0.9947651624679565,1
9350,9,9,0.9866381883621216,1
24164,4,4,0.9609503149986267,1
23155,7,7,0.9846922159194946,1
1588,8,3,0.40993431210517883,0
5400,5,6,0.45247331261634827,0
8913,6,6,0.9799324870109558,1
4990,8,2,0.5199159383773804,0
13364,7,7,0.9997218251228333,1
1157,1,1,0.9128291606903076,1
19432,6,6,0.9992469549179077,1
24861,1,1,0.9355467557907104,1
16303,0,0,0.7043210864067078,1
23675,1,1,0.9947385191917419,1
10816,5,5,0.9414113759994507,1
25683,7,7,0.9986573457717896,1
6680,7,7,0.8360468149185181,1
15541,1,1,0.9705219864845276,1
129,9,9,0.9287382364273071,1
10977,5,5,0.9789870381355286,1
7518,5,5,0.7350670695304871,1
15350,0,0,0.9968705773353577,1
4712,2,2,0.9978623986244202,1
3234,1,1,0.9447098970413208,1
21292,8,6,0.6226696372032166,0
6439,6,8,0.5630543828010559,0
16930,4,4,0.7703577280044556,1
25255,6,2,0.4210307002067566,0
5562,6,6,0.9979825019836426,1
20888,6,6,0.8408111333847046,1
17907,0,0,0.9902803301811218,1
15282,5,6,0.7014886736869812,0
9564,5,5,0.9946517944335938,1
2105,5,5,0.6973832249641418,1
2188,5,5,0.9799109697341919,1
10587,9,9,0.9860349893569946,1
20421,8,9,0.7610509395599365,0
23070,0,0,0.9994899034500122,1
19127,6,6,0.9735544919967651,1
7302,3,3,0.9958076477050781,1
8409,4,4,0.9999977350234985,1
11086,7,7,0.9872655868530273,1
17122,5,5,0.9980359673500061,1
3555,2,2,0.9999611377716064,1
19437,4,4,0.7052270174026489,1
594,9,9,0.9918395280838013,1
21863,3,3,0.9932007193565369,1
19765,5,5,0.9939571619033813,1
16909,2,2,0.9922478199005127,1
21154,7,7,0.9990818500518799,1
18615,7,7,0.9737303256988525,1
18171,7,7,0.9999004602432251,1
24434,5,5,0.9271103739738464,1
9664,0,0,0.9840710163116455,1
2013,5,5,0.984031081199646,1
13537,4,0,0.7950006723403931,0
23942,9,6,0.4774041771888733,0
12415,4,4,0.829109787940979,1
13735,0,0,0.9996875524520874,1
6873,1,1,0.9993669390678406,1
16233,2,2,0.9885815978050232,1
13108,5,5,0.6117852926254272,1
18114,7,7,0.9979113936424255,1
25318,0,6,0.5220319032669067,0
22387,7,7,0.9438474774360657,1
19911,7,7,0.9109463691711426,1
9953,2,2,0.9932479858398438,1
18500,1,1,0.9992400407791138,1
12463,2,5,0.49930164217948914,0
12143,8,8,0.9723692536354065,1
14588,8,8,0.9878755211830139,1
22152,2,2,0.8073070645332336,1
16563,4,4,0.6674357056617737,1
25225,9,9,0.9601818919181824,1
1161,2,2,0.592094898223877,1
9891,5,5,0.8103179335594177,1
18833,2,2,0.9671343564987183,1
6162,2,2,0.9459400773048401,1
22638,0,0,0.9106423854827881,1
6112,6,6,0.7007846832275391,1
24259,9,9,0.9541723132133484,1
18029,2,2,0.9907440543174744,1
13233,0,0,0.9613447785377502,1
22560,3,3,0.42149364948272705,1
17100,7,7,0.9883481860160828,1
13394,7,7,0.9800562262535095,1
25173,3,7,0.37509167194366455,0
17342,4,4,0.9989628791809082,1
5881,1,1,0.9464195966720581,1
16982,3,9,0.5151510834693909,0
12959,2,2,0.9932042360305786,1
3410,2,2,0.9991803765296936,1
1939,2,2,0.999980092048645,1
13563,4,2,0.4072275161743164,0
9659,4,1,0.86268550157547,0
23588,9,9,0.9905565977096558,1
12156,9,9,0.5507256984710693,1
24790,4,4,0.4154195189476013,1
894,8,8,0.7313687205314636,1
13738,7,7,0.9891230463981628,1
20555,5,5,0.9258332848548889,1
20457,3,1,0.5334107279777527,0
24842,3,5,0.6707261204719543,0
11390,9,9,0.581709623336792,1
2665,9,9,0.9593779444694519,1
24741,8,8,0.7365642786026001,1
17634,8,3,0.30483242869377136,0
16599,1,1,0.9614343643188477,1
19330,7,7,0.832298219203949,1
3257,1,1,0.9923691749572754,1
1114,9,9,0.9998236298561096,1
11738,8,8,0.8750631213188171,1
13077,8,8,0.9996845722198486,1
5168,3,3,0.5949554443359375,1
26013,8,8,0.9069671630859375,1
5611,7,7,0.9964191913604736,1
9389,6,6,0.9259782433509827,1
25070,2,2,0.9998888969421387,1
11322,8,8,0.9202805757522583,1
3051,0,0,0.7541460394859314,1
18770,4,5,0.23707009851932526,0
14692,2,2,0.9885588884353638,1
4561,5,5,0.9107570648193359,1
16994,0,0,0.9999828338623047,1
4156,5,5,0.2804676294326782,1
5884,1,2,0.784071683883667,0
18233,0,0,0.9868309497833252,1
17044,6,6,0.9931561350822449,1
18857,6,6,0.767584502696991,1
21917,9,9,0.6809069514274597,1
5054,3,9,0.9098111391067505,0
7882,4,4,0.9506915211677551,1
15688,4,4,0.9999622106552124,1
5612,8,8,0.9713512659072876,1
13934,9,9,0.9279491901397705,1
16689,2,2,0.9965797066688538,1
23844,6,6,0.9758618474006653,1
7944,7,7,0.9559895992279053,1
11370,8,8,0.9941500425338745,1
24569,1,1,0.9999350309371948,1
7529,5,5,0.9423408508300781,1
5092,2,2,0.990648090839386,1
20673,2,2,0.9999905824661255,1
10096,7,7,0.8812524080276489,1
2059,3,3,0.8799740672111511,1
19318,0,0,0.9998251795768738,1
12977,8,0,0.5284209847450256,0
17673,0,0,0.8824508786201477,1
18750,0,0,0.9381227493286133,1
16728,3,3,0.9444975852966309,1
14776,8,8,0.9485191702842712,1
6941,9,9,0.9813066720962524,1
16787,6,8,0.6622467637062073,0
25932,5,5,0.9741376638412476,1
614,0,0,0.7035570740699768,1
25690,5,5,0.8463050723075867,1
25968,5,5,0.9907276630401611,1
20123,3,3,0.8946858048439026,1
13341,5,5,0.8962544202804565,1
24697,4,4,0.9998233914375305,1
15157,6,6,0.67548668384552,1
23115,1,1,0.5075390338897705,1
6396,0,0,0.9992092847824097,1
19142,4,4,0.8436639308929443,1
13157,3,3,0.8313889503479004,1
19866,1,1,0.9800968766212463,1
25996,8,8,0.9995172023773193,1
25515,7,1,0.9306278824806213,0
12876,0,0,0.9935296177864075,1
17565,6,6,0.9944005608558655,1
17511,4,4,0.516706109046936,1
19996,0,0,0.9990057349205017,1
12807,1,1,0.9997603297233582,1
11001,9,9,0.9790186882019043,1
13107,0,0,0.999813973903656,1
12641,6,6,0.998336136341095,1
22667,5,5,0.9962552785873413,1
7310,7,7,0.9709200263023376,1
764,1,1,0.8815539479255676,1
14813,4,4,0.9961771965026855,1
7132,2,2,0.9993545413017273,1
23884,1,1,0.41736283898353577,1
22735,8,8,0.9828463196754456,1
12483,2,2,0.9890673756599426,1
10442,6,6,0.8156458735466003,1
3733,8,8,0.9985514283180237,1
20089,4,4,0.978050947189331,1
20411,4,4,0.7868386507034302,1
10695,4,1,0.5010012984275818,0
11992,2,2,0.9999351501464844,1
20712,7,7,0.9655033946037292,1
6518,8,8,0.917963981628418,1
6015,9,9,0.856620192527771,1
8396,5,2,0.736994743347168,0
12097,9,9,0.9973338842391968,1
12565,2,2,0.9851342439651489,1
22474,4,4,0.5577639937400818,1
25110,9,9,0.9950529932975769,1
8275,8,8,0.991800844669342,1
3871,1,1,0.7868070006370544,1
24639,2,2,0.998618483543396,1
15979,3,3,0.7562288641929626,1
24513,6,6,0.9961844086647034,1
10926,7,7,0.943773627281189,1
25564,0,0,0.8196684122085571,1
2118,0,0,0.8774727582931519,1
4358,9,2,0.4232473373413086,0
5674,8,8,0.34547844529151917,1
3397,7,7,0.999609649181366,1
5183,7,7,0.9524653553962708,1
7505,9,9,0.9998828172683716,1
17539,0,0,0.9231228828430176,1
23918,6,5,0.6687463521957397,0
19449,2,2,0.9993246793746948,1
18599,3,3,0.6872599124908447,1
8175,8,6,0.595028281211853,0
18412,7,7,0.980809211730957,1
20667,1,1,0.9763685464859009,1
8672,9,9,0.8419427871704102,1
22087,1,1,0.9999966621398926,1
6910,2,2,0.9995457530021667,1
19205,3,5,0.603410542011261,0
10581,3,3,0.9698299169540405,1
14516,4,4,0.6527607440948486,1
22602,4,4,0.9525601863861084,1
1944,0,0,0.9496193528175354,1
19718,0,2,0.5862725973129272,0
15599,7,7,0.9934478402137756,1
16766,9,9,0.9734308123588562,1
12317,5,5,0.6478337049484253,1
6275,6,6,0.7816137671470642,1
14332,3,3,0.7072959542274475,1
25615,8,8,0.9899469017982483,1
7680,7,7,0.9999731779098511,1
22105,7,7,0.9986496567726135,1
19179,5,5,0.8291653990745544,1
22379,5,5,0.9166939854621887,1
11796,0,0,0.9950913190841675,1
16929,0,0,0.9998494386672974,1
20580,2,5,0.3862554728984833,0
21272,7,7,0.7733740210533142,1
12963,4,4,0.9960554838180542,1
15648,9,9,0.9509285688400269,1
10831,6,6,0.9968576431274414,1
12228,3,3,0.925363302230835,1
2242,7,9,0.7744849324226379,0
25443,3,3,0.999998927116394,1
23913,1,1,0.9822725057601929,1
18452,1,1,0.9916238188743591,1
12210,0,0,0.9995972514152527,1
3532,6,6,0.507533073425293,1
13678,9,9,0.9959076642990112,1
21370,5,8,0.5757516026496887,0
23728,9,9,0.9999327659606934,1
7460,0,0,0.9992283582687378,1
25354,2,2,0.9956803321838379,1
18984,8,8,0.9882301092147827,1
12422,6,6,0.9997861981391907,1
7413,4,4,0.5447512865066528,1
